cost_component|var_pop|closest_relative_type|agegroup|act_cost|act_py|att_cost|att_py|act_cost_py|att_cost_py
secondary_sector|bd_00#inc_2016_2021|father|0-24|621051748.95|83170|55800985.211|83170|7467.2568108|670.92683913
secondary_sector|bd_00#inc_2016_2021|mother|0-24|594811071.15|67073|70100696.107|67073|8868.1149069|1045.1403114
secondary_sector|bd_00#inc_2016_2021|relative|25-64|2209022581.8|182623.70829|172095014.11|182623.70829|12096.033984|942.34760488
secondary_sector|bd_00#inc_2016_2021|relative|65+|1635960996.5|108085|90262088.641|108085|15135.874511|835.10282315
secondary_sector|bd_00#prev_2021|father|0-24|1030442020|131137|63781080.314|131137|7857.751969|486.36982937
secondary_sector|bd_00#prev_2021|mother|0-24|917560598.97|100582|128300068.69|100582|9122.5129642|1275.5768298
secondary_sector|bd_00#prev_2021|relative|25-64|10856299889|859597.93716|560891771.25|859597.93716|12629.509006|652.50478974
secondary_sector|bd_00#prev_2021|relative|65+|5698563197.8|394999.06284|149038731.99|394999.06284|14426.776501|377.31414075
secondary_sector|bd_01#inc_2016_2021|father|0-24|34385042.18|2264|9220587.5141|2264|15187.739479|4072.6976652
secondary_sector|bd_01#inc_2016_2021|mother|0-24|42835124.75|2767|9576324.1047|2767|15480.710065|3460.904989
secondary_sector|bd_01#inc_2016_2021|relative|25-64|514412330.12|26666|51452571.604|26666|19290.944653|1929.5196732
secondary_sector|bd_01#inc_2016_2021|relative|65+|217133963.35|10225|24324791.208|10225|21235.595438|2378.9526854
secondary_sector|bd_01#prev_2021|father|0-24|21127180.661|1527|1706571.8955|1527|13835.743721|1117.597836
secondary_sector|bd_01#prev_2021|mother|0-24|32963628.969|1807|11525823.417|1807|18242.185373|6378.4302253
secondary_sector|bd_01#prev_2021|relative|25-64|1837183243.2|89712|234650517.06|89712|20478.67892|2615.5978806
secondary_sector|bd_01#prev_2021|relative|65+|780159203.88|39741|28180905.378|39741|19631.091414|709.11414857
secondary_sector|bd_02#inc_2016_2021|father|0-24|305963028.76|24599|34947029.995|24599|12438.027105|1420.6687262
secondary_sector|bd_02#inc_2016_2021|mother|0-24|328180623.22|23853|58639204.698|23853|13758.463221|2458.3576363
secondary_sector|bd_02#inc_2016_2021|relative|25-64|850258355.9|51578|63633554.475|51578|16484.903562|1233.7344309
secondary_sector|bd_02#inc_2016_2021|relative|65+|417301906.33|19145|23588856.088|19145|21796.913363|1232.1157528
secondary_sector|bd_02#prev_2021|father|0-24|317214473.21|23186|53038918.729|23186|13681.293591|2287.5407025
secondary_sector|bd_02#prev_2021|mother|0-24|312168366.9|22222|61473252.541|22222|14047.716988|2766.3240276
secondary_sector|bd_02#prev_2021|relative|25-64|3208333175.8|189153|262202186.51|189153|16961.577008|1386.1910015
secondary_sector|bd_02#prev_2021|relative|65+|1293871742.7|56998|83292071.254|56998|22700.30076|1461.3156822
secondary_sector|bd_03#inc_2016_2021|father|0-24|23263110.601|1713|4179794.0494|1713|13580.3331|2440.0432279
secondary_sector|bd_03#inc_2016_2021|mother|0-24|28062357.425|1823|6259259.0397|1823|15393.503799|3433.4937135
secondary_sector|bd_03#inc_2016_2021|relative|25-64|104833048.63|6253|7349354.4033|6253|16765.240466|1175.3325449
secondary_sector|bd_03#inc_2016_2021|relative|65+|21404170.895|1080|-863407.8961|1080|19818.676754|-799.4517556
secondary_sector|bd_03#prev_2021|father|0-24|18185644.484|1140|3618629.4336|1140|15952.319722|3174.2363453
secondary_sector|bd_03#prev_2021|mother|0-24|17558158.41|1188|960893.41409|1188|14779.594621|808.83284015
secondary_sector|bd_03#prev_2021|relative|25-64|429593361.73|21799|37723848.319|21799|19707.021503|1730.5311399
secondary_sector|bd_03#prev_2021|relative|65+|170051184.75|7726|13445941.773|7726|22010.249126|1740.3496988
secondary_sector|bd_04#inc_2016_2021|father|0-24|4746546.9561|471|-1407595.686|471|10077.594387|-2988.525873
secondary_sector|bd_04#inc_2016_2021|mother|0-24|6306662.6086|501|-75506.09387|501|12588.148919|-150.7107662
secondary_sector|bd_04#inc_2016_2021|relative|25-64|84249291.941|5041|156934.74116|5041|16712.813319|31.13166855
secondary_sector|bd_04#inc_2016_2021|relative|65+|124598216.17|5809|-17392597.35|5809|21449.167872|-2994.077699
secondary_sector|bd_04#prev_2021|father|0-24|6665583.6137|739|-327002.6885|739|9019.734254|-442.4934892
secondary_sector|bd_04#prev_2021|mother|0-24|9758648.0486|780|1559343.2|780|12511.087242|1999.1579488
secondary_sector|bd_04#prev_2021|relative|25-64|139810533.32|7769|-1013538.395|7769|17995.949713|-130.459312
secondary_sector|bd_04#prev_2021|relative|65+|205756256.96|8656|-659738.6626|8656|23770.362403|-76.21749799
secondary_sector|bd_05#inc_2016_2021|father|0-24|5975096.2753|873|1358726.5977|873|6844.3256304|1556.3878553
secondary_sector|bd_05#inc_2016_2021|mother|0-24|12787372.42|923|3653352.6507|923|13854.1413|3958.128549
secondary_sector|bd_05#inc_2016_2021|relative|25-64|8892877.67|504|1531566.7041|504|17644.598552|3038.8228256
secondary_sector|bd_05#inc_2016_2021|relative|65+|3794127.1536|244|-2045708.507|244|15549.701449|-8384.05126
secondary_sector|bd_05#prev_2021|father|0-24|50782714.335|4061|7407232.9545|4061|12504.977674|1823.9923552
secondary_sector|bd_05#prev_2021|mother|0-24|69823745.636|4249|22069775.222|4249|16432.983204|5194.1104312
secondary_sector|bd_05#prev_2021|relative|25-64|66153351.595|3283|6218175.4848|3283|20150.274625|1894.0528434
secondary_sector|bd_05#prev_2021|relative|65+|10379409.868|404|-1875098.788|404|25691.608585|-4641.333634
secondary_sector|bd_06#inc_2016_2021|father|0-24|642968.37531|27|486631.10354|27|23813.64353|18023.374205
secondary_sector|bd_06#inc_2016_2021|mother|0-24|415638.0154|28|59998.697802|28|14844.214836|2142.8106358
secondary_sector|bd_06#inc_2016_2021|relative|25-64|53893959.168|2607|4298641.4219|2607|20672.788327|1648.8843199
secondary_sector|bd_06#inc_2016_2021|relative|65+|1042659769.4|43038|27288192.957|43038|24226.492157|634.04881633
secondary_sector|bd_06#prev_2021|father|0-24|986759.92829|63|452978.49317|63|15662.856005|7190.1348122
secondary_sector|bd_06#prev_2021|mother|0-24|450513.71125|59|-158640.2067|59|7635.8256144|-2688.817062
secondary_sector|bd_06#prev_2021|relative|25-64|66571716.441|3018|8413724.8547|3018|22058.22281|2787.8478644
secondary_sector|bd_06#prev_2021|relative|65+|828101704.86|34289|66106378.122|34289|24150.651954|1927.9179364
secondary_sector|bd_07#inc_2016_2021|father|0-24|275055284.71|23140|20404327.278|23140|11886.572373|881.77732403
secondary_sector|bd_07#inc_2016_2021|mother|0-24|240419528.08|20475|25504612.336|20475|11742.101494|1245.6465121
secondary_sector|bd_07#inc_2016_2021|relative|25-64|1212816756.2|79338|113104621.14|79338|15286.706953|1425.6046427
secondary_sector|bd_07#inc_2016_2021|relative|65+|1105695504.8|52179|103701250.14|52179|21190.431108|1987.4135215
secondary_sector|bd_07#prev_2021|father|0-24|226992082.57|18831|11430412.484|18831|12054.170388|606.99976019
secondary_sector|bd_07#prev_2021|mother|0-24|206194085.61|16253|48085716.661|16253|12686.524679|2958.5748269
secondary_sector|bd_07#prev_2021|relative|25-64|6789320958.5|423758.81967|440783790.51|423758.81967|16021.662897|1040.1760861
secondary_sector|bd_07#prev_2021|relative|65+|3528074141.6|180956.61475|155992166.76|180956.61475|19496.795662|862.04180474
secondary_sector|bd_08#inc_2016_2021|father|0-24|520389406.07|49390|72442463.833|49390|10536.331364|1466.743548
secondary_sector|bd_08#inc_2016_2021|mother|0-24|695328803.84|51687|108551218.75|51687|13452.682567|2100.1648143
secondary_sector|bd_08#inc_2016_2021|relative|25-64|382133562.82|21680|57490822.7|21680|17626.086846|2651.790715
secondary_sector|bd_08#inc_2016_2021|relative|65+|14483134.569|750|-1033857.123|750|19310.846092|-1378.476164
secondary_sector|bd_08#prev_2021|father|0-24|1052791812.4|83499|178704031.29|83499|12608.436178|2140.1936704
secondary_sector|bd_08#prev_2021|mother|0-24|1315374679.3|87349|330961842.26|87349|15058.840734|3788.9597164
secondary_sector|bd_08#prev_2021|relative|25-64|1388653652.7|75127.789617|203418960.9|75127.789617|18483.88805|2707.6393693
secondary_sector|bd_08#prev_2021|relative|65+|32194986.944|1598|1090734.0739|1598|20147.050653|682.56199866
secondary_sector|bd_09#inc_2016_2021|father|0-24|96824849.293|6372|18067679.347|6372|15195.362413|2835.4801235
secondary_sector|bd_09#inc_2016_2021|mother|0-24|132954959.23|7294|43890163.972|7294|18227.990024|6017.2969526
secondary_sector|bd_09#inc_2016_2021|relative|25-64|164405184.59|7924|23906341.149|7924|20747.751715|3016.9537038
secondary_sector|bd_09#inc_2016_2021|relative|65+|22132050.358|917|2724438.0516|917|24135.278471|2971.0338622
secondary_sector|bd_09#prev_2021|father|0-24|91112545.906|5187|29509554.024|5187|17565.557337|5689.137078
secondary_sector|bd_09#prev_2021|mother|0-24|106392820.64|5991|25611338.702|5991|17758.774936|4274.9689036
secondary_sector|bd_09#prev_2021|relative|25-64|803802767.85|37415|136138685.67|37415|21483.436265|3638.6124728
secondary_sector|bd_09#prev_2021|relative|65+|71722588.777|3162|17540652.226|3162|22682.665647|5547.3283447
secondary_sector|bd_10#inc_2016_2021|father|0-24|48532855.029|4481|-5049325.801|4481|10830.808978|-1126.830127
secondary_sector|bd_10#inc_2016_2021|mother|0-24|57131712.176|4686|-3253783.799|4686|12192.000038|-694.3627398
secondary_sector|bd_10#inc_2016_2021|relative|25-64|14243958.608|1183|-3947796.894|1183|12040.53982|-3337.106419
secondary_sector|bd_10#inc_2016_2021|relative|65+|268956.91984|23|-213027.4842|23|11693.779123|-9262.064531
secondary_sector|bd_10#prev_2021|father|0-24|63421584.321|5073|910747.12273|5073|12501.79072|179.5283112
secondary_sector|bd_10#prev_2021|mother|0-24|64987050.856|5324|-931437.0586|5324|12206.433294|-174.950612
secondary_sector|bd_10#prev_2021|relative|25-64|145057388.8|10960|-1792819.021|10960|13235.163212|-163.5783778
secondary_sector|bd_10#prev_2021|relative|65+|1332095.5054|97|-1132094.231|97|13732.943354|-11671.07455
secondary_sector|bd_11#inc_2016_2021|father|0-24|46737346.728|4919|-1840970.398|4919|9501.3918942|-374.2570437
secondary_sector|bd_11#inc_2016_2021|mother|0-24|64939463.157|5113|5271540.2844|5113|12700.853346|1031.0072921
secondary_sector|bd_11#inc_2016_2021|relative|25-64|119261449.97|5988|12389503.365|5988|19916.741811|2069.0553381
secondary_sector|bd_11#inc_2016_2021|relative|65+|172315993.12|7260|10592533.4|7260|23734.985279|1459.0266392
secondary_sector|bd_11#prev_2021|father|0-24|162049516.77|13765|13433223.814|13765|11772.576591|975.89711691
secondary_sector|bd_11#prev_2021|mother|0-24|199938542.66|14300|33938091.373|14300|13981.71627|2373.293103
secondary_sector|bd_11#prev_2021|relative|25-64|592278772.7|31368|45709758.3|31368|18881.623715|1457.2098412
secondary_sector|bd_11#prev_2021|relative|65+|350783061.19|14629|22790927.123|14629|23978.608325|1557.9278914
secondary_sector|bd_12#inc_2016_2021|father|0-24|293145550.52|24075|20939234.498|24075|12176.346855|869.75013492
secondary_sector|bd_12#inc_2016_2021|mother|0-24|275043528.39|19926|46173342.674|19926|13803.248439|2317.2409251
secondary_sector|bd_12#inc_2016_2021|relative|25-64|938502985.26|65662|25016952.047|65662|14292.939375|380.99588875
secondary_sector|bd_12#inc_2016_2021|relative|65+|154495678.79|6650|-8110165.632|6650|23232.432901|-1219.573779
secondary_sector|bd_12#prev_2021|father|0-24|350572957.88|27689|33227257.91|27689|12661.091331|1200.0165376
secondary_sector|bd_12#prev_2021|mother|0-24|303916457.07|22382|45873230.576|22382|13578.610359|2049.5590464
secondary_sector|bd_12#prev_2021|relative|25-64|4580660955.2|279750.95902|255781000.67|279750.95902|16374.067032|914.3167965
secondary_sector|bd_12#prev_2021|relative|65+|2072994183.3|84346.614754|7852134.4768|84346.614754|24577.088118|93.093652895
secondary_sector|bd_13#inc_2016_2021|father|0-24|14053602.766|1147|4825614.0458|1147|12252.487154|4207.1613302
secondary_sector|bd_13#inc_2016_2021|mother|0-24|19690096.179|1241|7889303.6527|1241|15866.314407|6357.2148692
secondary_sector|bd_13#inc_2016_2021|relative|25-64|57441855.666|3018|10638806.858|3018|19033.086702|3525.1182432
secondary_sector|bd_13#inc_2016_2021|relative|65+|44326826.532|1855|6979264.2984|1855|23895.863359|3762.4066299
secondary_sector|bd_13#prev_2021|father|0-24|48571345.093|4194|2087088.1671|4194|11581.150475|497.63666359
secondary_sector|bd_13#prev_2021|mother|0-24|60052768.307|4420|-1567679.985|4420|13586.599164|-354.6787297
secondary_sector|bd_13#prev_2021|relative|25-64|153301418.4|8683|13949288.086|8683|17655.351652|1606.5055956
secondary_sector|bd_13#prev_2021|relative|65+|81197535.966|3445|4160731.6624|3445|23569.676623|1207.7595537
secondary_sector|bd_14#inc_2016_2021|father|0-24|56629755.278|4174|21779790.404|4174|13567.262884|5217.9660766
secondary_sector|bd_14#inc_2016_2021|mother|0-24|71195452.334|4411|18425845.346|4411|16140.433538|4177.2490017
secondary_sector|bd_14#inc_2016_2021|relative|25-64|45436150.475|1800|7821646.1658|1800|25242.305819|4345.358981
secondary_sector|bd_14#inc_2016_2021|relative|65+|1811871.5512|67|619504.96932|67|27042.858974|9246.3428256
secondary_sector|bd_14#prev_2021|father|0-24|163649936.3|11137|45609941.391|11137|14694.256649|4095.3525537
secondary_sector|bd_14#prev_2021|mother|0-24|198068212.17|11984|51746124.425|11984|16527.721309|4317.9342811
secondary_sector|bd_14#prev_2021|relative|25-64|287792981.22|13256|40883584.217|13256|21710.393876|3084.1569264
secondary_sector|bd_14#prev_2021|relative|65+|5834053.0133|291|-2771971.675|291|20048.292142|-9525.675858
secondary_sector|bd_15#inc_2016_2021|father|0-24|5423840.8829|393|-243854.0185|393|13801.121839|-620.4936858
secondary_sector|bd_15#inc_2016_2021|mother|0-24|6177265.4666|405|594736.4458|405|15252.507325|1468.4850514
secondary_sector|bd_15#inc_2016_2021|relative|25-64|51592597.05|3213|6734838.0662|3213|16057.453175|2096.1214025
secondary_sector|bd_15#inc_2016_2021|relative|65+|6495805.0431|331|1192417.0152|331|19624.78865|3602.4683238
secondary_sector|bd_15#prev_2021|father|0-24|2763553.0947|227|-3682511.953|227|12174.242708|-16222.51962
secondary_sector|bd_15#prev_2021|mother|0-24|4213932.388|238|730923.58126|238|17705.598269|3071.1074843
secondary_sector|bd_15#prev_2021|relative|25-64|189335982.72|11548|10639665.37|11548|16395.564836|921.3426888
secondary_sector|bd_15#prev_2021|relative|65+|80369293.452|3380|-12410755.05|3380|23777.897471|-3671.821021
secondary_sector|bd_16#inc_2016_2021|father|0-24|3866912.2107|384|993400.86337|384|10070.083882|2586.981415
secondary_sector|bd_16#inc_2016_2021|mother|0-24|7886882.1436|406|4003715.0908|406|19425.818088|9861.3672187
secondary_sector|bd_16#inc_2016_2021|relative|25-64|20900533.019|1407|-725188.1984|1407|14854.678763|-515.4144978
secondary_sector|bd_16#inc_2016_2021|relative|65+|27014776.848|996|1653449.0407|996|27123.269928|1660.0893983
secondary_sector|bd_16#prev_2021|father|0-24|12120315.138|970|2105364.4051|970|12495.170245|2170.4787681
secondary_sector|bd_16#prev_2021|mother|0-24|12967596.484|985|1699797.7004|985|13165.072573|1725.6829446
secondary_sector|bd_16#prev_2021|relative|25-64|66800100.921|4016|-494969.54|4016|16633.491265|-123.2493874
secondary_sector|bd_16#prev_2021|relative|65+|61268424.836|2378|5647548.2753|2378|25764.686643|2374.9151705
secondary_sector|bd_17#inc_2016_2021|father|0-24|1643906.2845|109|428711.09128|109|15081.709032|3933.1292778
secondary_sector|bd_17#inc_2016_2021|mother|0-24|2018610.9538|114|329001.20729|114|17707.11363|2885.9755025
secondary_sector|bd_17#inc_2016_2021|relative|25-64|19560407.317|862|6868975.4366|862|22691.887839|7968.6489984
secondary_sector|bd_17#inc_2016_2021|relative|65+|29084984.891|1347|2428008.0847|1347|21592.4164|1802.5301297
secondary_sector|bd_17#prev_2021|father|0-24|3467842.0522|314|-161474.6958|314|11044.082969|-514.2506234
secondary_sector|bd_17#prev_2021|mother|0-24|7375183.269|324|3986367.0201|324|22762.911324|12303.601914
secondary_sector|bd_17#prev_2021|relative|25-64|30326153.53|1522|-1966648.691|1522|19925.199428|-1292.147629
secondary_sector|bd_17#prev_2021|relative|65+|38894412.273|1591|1694131.0783|1591|24446.519342|1064.8215451
secondary_sector|bd_18#inc_2016_2021|father|0-24|1824042.4983|101|1116469.3172|101|18059.826716|11054.151656
secondary_sector|bd_18#inc_2016_2021|mother|0-24|1088512.3279|103|88420.666202|103|10568.080853|858.45306993
secondary_sector|bd_18#inc_2016_2021|relative|25-64|51515601.991|2829|3246512.2896|2829|18209.827498|1147.5829938
secondary_sector|bd_18#inc_2016_2021|relative|65+|226591504.72|9639|7177438.1326|9639|23507.78138|744.62476736
secondary_sector|bd_18#prev_2021|father|0-24|2984831.6497|174|-108577.1739|174|17154.204883|-624.0067467
secondary_sector|bd_18#prev_2021|mother|0-24|3204703.2797|180|1177833.5515|180|17803.907109|6543.5197305
secondary_sector|bd_18#prev_2021|relative|25-64|93344396.87|4995|9995131.0024|4995|18687.566941|2001.0272277
secondary_sector|bd_18#prev_2021|relative|65+|340446912.43|14968|-19714958.18|14968|22744.98346|-1317.140445
secondary_sector|bd_19#inc_2016_2021|father|0-24|101360211.09|6631|17743293.046|6631|15285.810751|2675.8095379
secondary_sector|bd_19#inc_2016_2021|mother|0-24|130536802.5|7010|41291119.297|7010|18621.512482|5890.3165902
secondary_sector|bd_19#inc_2016_2021|relative|25-64|143976134.02|8491|17618381.341|8491|16956.322462|2074.9477495
secondary_sector|bd_19#inc_2016_2021|relative|65+|4165546.4971|223|307749.25559|223|18679.580705|1380.0415049
secondary_sector|bd_19#prev_2021|father|0-24|98721975.108|5350|17793381.175|5350|18452.705628|3325.8656401
secondary_sector|bd_19#prev_2021|mother|0-24|108952718.29|5583|43668163.756|5583|19515.084773|7821.6306207
secondary_sector|bd_19#prev_2021|relative|25-64|992244393.38|52850|110946542.67|52850|18774.728352|2099.2723305
secondary_sector|bd_19#prev_2021|relative|65+|74607427.667|3375|10409637.608|3375|22105.904494|3084.3370691
secondary_sector|bd_20#inc_2016_2021|father|0-24|5715033.0336|408|1642580.6344|408|14007.433906|4025.9329274
secondary_sector|bd_20#inc_2016_2021|mother|0-24|4879251.6406|422|-336800.431|422|11562.207679|-798.1052868
secondary_sector|bd_20#inc_2016_2021|relative|25-64|174728926.78|8690|36336890.462|8690|20106.896062|4181.4603524
secondary_sector|bd_20#inc_2016_2021|relative|65+|299157703.19|12418|10742137.271|12418|24090.650925|865.04568136
secondary_sector|bd_20#prev_2021|father|0-24|5896960.4465|609|126514.06721|609|9683.0220796|207.74066865
secondary_sector|bd_20#prev_2021|mother|0-24|5401948.7901|612|-1274799.597|612|8826.7137094|-2083.005877
secondary_sector|bd_20#prev_2021|relative|25-64|297088662.23|14953|43579802.335|14953|19868.164397|2914.4521056
secondary_sector|bd_20#prev_2021|relative|65+|561899508.33|23350|59515674.664|23350|24064.218772|2548.8511634
secondary_sector|bd_21#inc_2016_2021|father|0-24|114753977.87|7945|26431886.208|7945|14443.546617|3326.8579242
secondary_sector|bd_21#inc_2016_2021|mother|0-24|132446228.15|8627|29333551.877|8627|15352.524417|3400.2030691
secondary_sector|bd_21#inc_2016_2021|relative|25-64|138681541.93|7842|11004443.406|7842|17684.460842|1403.2700084
secondary_sector|bd_21#inc_2016_2021|relative|65+|31193335.729|1521|-1781793.351|1521|20508.439006|-1171.461769
secondary_sector|bd_21#prev_2021|father|0-24|113284309.81|6963|28917807.507|6963|16269.468593|4153.0672852
secondary_sector|bd_21#prev_2021|mother|0-24|116758386.74|7571|18289535.761|7571|15421.791934|2415.7358026
secondary_sector|bd_21#prev_2021|relative|25-64|776071925.76|40106|72292966.659|40106|19350.519268|1802.5474158
secondary_sector|bd_21#prev_2021|relative|65+|111323910.78|5443|10960867.324|5443|20452.675138|2013.7547904
secondary_sector|bd_22#inc_2016_2021|father|0-24|421975108.46|37378|88969604.956|37378|11289.397733|2380.2665995
secondary_sector|bd_22#inc_2016_2021|mother|0-24|496179520.54|37852|110548238.58|37852|13108.409609|2920.5389037
secondary_sector|bd_22#inc_2016_2021|relative|25-64|2290999974.1|141033|288663621.58|141033|16244.42488|2046.7806937
secondary_sector|bd_22#inc_2016_2021|relative|65+|1555052605.7|74299|183861424.86|74299|20929.657273|2474.6150669
secondary_sector|bd_22#prev_2021|father|0-24|401205480.77|36998|47749992.748|36998|10843.977533|1290.6101072
secondary_sector|bd_22#prev_2021|mother|0-24|490992760.2|36566|112280274.15|36566|13427.576443|3070.6195414
secondary_sector|bd_22#prev_2021|relative|25-64|5605364491.6|351220.37158|298640458.57|351220.37158|15959.679293|850.29366952
secondary_sector|bd_22#prev_2021|relative|65+|4279338251.4|236607.61475|158307603|236607.61475|18086.223708|669.07230845
secondary_sector|bd_23#inc_2016_2021|father|0-24|351286315.53|26418|89763254.531|26418|13297.233535|3397.8065914
secondary_sector|bd_23#inc_2016_2021|mother|0-24|405371907.56|27174|126551500.7|27174|14917.638462|4657.080323
secondary_sector|bd_23#inc_2016_2021|relative|25-64|739417566.05|41477|116265161.28|41477|17827.170867|2803.1236897
secondary_sector|bd_23#inc_2016_2021|relative|65+|152234167.72|5226|44369913.433|5226|29130.150732|8490.2245376
secondary_sector|bd_23#prev_2021|father|0-24|426971455.11|31811|88629043.655|31811|13422.132442|2786.1130947
secondary_sector|bd_23#prev_2021|mother|0-24|495343235.88|31871|142619310.18|31871|15542.130334|4474.892855
secondary_sector|bd_23#prev_2021|relative|25-64|2605391226.6|146715.21038|273716066.51|146715.21038|17758.153499|1865.6284225
secondary_sector|bd_23#prev_2021|relative|65+|469702773.94|21282.614754|66249670.44|21282.614754|22069.786977|3112.8539047
secondary_sector|bd_24#inc_2016_2021|father|0-24|5949705.065|467|629708.06879|467|12740.267805|1348.4112822
secondary_sector|bd_24#inc_2016_2021|mother|0-24|7284457.4178|500|-893903.6474|500|14568.914836|-1787.807295
secondary_sector|bd_24#inc_2016_2021|relative|25-64|408084200.43|20556.591317|42022324.297|20556.591317|19851.744589|2044.2262849
secondary_sector|bd_24#inc_2016_2021|relative|65+|1106334888.2|51180.30137|28841732.227|51180.30137|21616.419962|563.53189518
secondary_sector|bd_24#prev_2021|father|0-24|9633289.7417|937|-2203389.833|937|10280.992254|-2351.536642
secondary_sector|bd_24#prev_2021|mother|0-24|14027126.651|966|3437349.8926|966|14520.835042|3558.3332222
secondary_sector|bd_24#prev_2021|relative|25-64|685279903.41|33649|120152926.1|33649|20365.535481|3570.7725668
secondary_sector|bd_24#prev_2021|relative|65+|1821556400.2|79216|138288416.66|79216|22994.804082|1745.7131975
secondary_sector|bd_25#inc_2016_2021|father|0-24|228076421.32|21823|21305287.613|21823|10451.194672|976.27675449
secondary_sector|bd_25#inc_2016_2021|mother|0-24|322306581.39|23152|54034200.042|23152|13921.327807|2333.8890827
secondary_sector|bd_25#inc_2016_2021|relative|25-64|382992349.88|21252|47274650.613|21252|18021.473267|2224.4800778
secondary_sector|bd_25#inc_2016_2021|relative|65+|474070497.11|19455|48115453.813|19455|24367.54033|2473.1664772
secondary_sector|bd_25#prev_2021|father|0-24|586430462.89|52188|24857129.815|52188|11236.883247|476.29972053
secondary_sector|bd_25#prev_2021|mother|0-24|773898990.35|54908|140245300.9|54908|14094.466933|2554.1870201
secondary_sector|bd_25#prev_2021|relative|25-64|1802020856.4|106935|122658996.65|106935|16851.55334|1147.0425646
secondary_sector|bd_25#prev_2021|relative|65+|788728309.35|34694|17573823.005|34694|22733.853385|506.53781649
filled_prescriptions|bd_00#inc_2016_2021|father|0-24|66280623.93|83170|4708146.52|83170|796.92946892|56.608711314
filled_prescriptions|bd_00#inc_2016_2021|mother|0-24|58300834.15|67073|7776543.05|67073|869.21464896|115.94148241
filled_prescriptions|bd_00#inc_2016_2021|relative|25-64|247323397.94|182623.70829|16633204.647|182623.70829|1354.2786983|91.079109072
filled_prescriptions|bd_00#inc_2016_2021|relative|65+|190658573.58|108085|9893180.82|108085|1763.968854|91.53148744
filled_prescriptions|bd_00#prev_2021|father|0-24|120723799.12|131137|13411597.48|131137|920.59296095|102.27165087
filled_prescriptions|bd_00#prev_2021|mother|0-24|100785161.01|100582|17481504.16|100582|1002.0198545|173.8035052
filled_prescriptions|bd_00#prev_2021|relative|25-64|1331080764.6|859597.93716|120426547.6|859597.93716|1548.4922742|140.09636645
filled_prescriptions|bd_00#prev_2021|relative|65+|694165781.1|394999.06284|42200810.38|394999.06284|1757.3858938|106.83774811
filled_prescriptions|bd_01#inc_2016_2021|father|0-24|4289472.75|2264|1017499.19|2264|1894.6434408|449.42543728
filled_prescriptions|bd_01#inc_2016_2021|mother|0-24|5799349.1|2767|1365573.26|2767|2095.8977593|493.521236
filled_prescriptions|bd_01#inc_2016_2021|relative|25-64|66246951.19|26666|7169308.84|26666|2484.3227777|268.8558029
filled_prescriptions|bd_01#inc_2016_2021|relative|65+|27622689.97|10225|1195496.92|10225|2701.4855716|116.91901418
filled_prescriptions|bd_01#prev_2021|father|0-24|2969189.77|1527|570185.28|1527|1944.4595743|373.40227898
filled_prescriptions|bd_01#prev_2021|mother|0-24|3988906.82|1807|1098287.6|1807|2207.4747205|607.79612618
filled_prescriptions|bd_01#prev_2021|relative|25-64|254539221.36|89712|33726587.67|89712|2837.292908|375.94288022
filled_prescriptions|bd_01#prev_2021|relative|65+|104086309.93|39741|4812839.24|39741|2619.1165278|121.10513676
filled_prescriptions|bd_02#inc_2016_2021|father|0-24|39619015.12|24599|6524316.94|24599|1610.5945412|265.22691735
filled_prescriptions|bd_02#inc_2016_2021|mother|0-24|42640971.83|23853|11997794.25|23853|1787.656556|502.98890077
filled_prescriptions|bd_02#inc_2016_2021|relative|25-64|104401569.14|51578|9514918.7|51578|2024.149233|184.47630191
filled_prescriptions|bd_02#inc_2016_2021|relative|65+|54196314.48|19145|5038285.91|19145|2830.833872|263.16458135
filled_prescriptions|bd_02#prev_2021|father|0-24|39834808.09|23186|6674782.39|23186|1718.054347|287.8798581
filled_prescriptions|bd_02#prev_2021|mother|0-24|43773030.92|22222|12795575.74|22222|1969.8060895|575.80666637
filled_prescriptions|bd_02#prev_2021|relative|25-64|441934001.06|189153|56438904.49|189153|2336.3837796|298.37699899
filled_prescriptions|bd_02#prev_2021|relative|65+|169691322.88|56998|17248473.19|56998|2977.1452135|302.61541089
filled_prescriptions|bd_03#inc_2016_2021|father|0-24|3477897.09|1713|910218.37|1713|2030.2960245|531.35923526
filled_prescriptions|bd_03#inc_2016_2021|mother|0-24|3635618.25|1823|1175730.12|1823|1994.3051289|644.94246846
filled_prescriptions|bd_03#inc_2016_2021|relative|25-64|14907528.51|6253|2343856.02|6253|2384.0602127|374.83704142
filled_prescriptions|bd_03#inc_2016_2021|relative|65+|2968057.41|1080|-104543.26|1080|2748.2013056|-96.79931481
filled_prescriptions|bd_03#prev_2021|father|0-24|2228626.6|1140|219532.3|1140|1954.935614|192.57219298
filled_prescriptions|bd_03#prev_2021|mother|0-24|2455440.56|1188|523477.43|1188|2066.8691582|440.63756734
filled_prescriptions|bd_03#prev_2021|relative|25-64|60770157.8|21799|7882275.94|21799|2787.7497959|361.58887747
filled_prescriptions|bd_03#prev_2021|relative|65+|22569478.45|7726|1160963.7|7726|2921.2371797|150.26711105
filled_prescriptions|bd_04#inc_2016_2021|father|0-24|559533.12|471|-19000.11|471|1187.9684076|-40.33993631
filled_prescriptions|bd_04#inc_2016_2021|mother|0-24|625229.95|501|-149127.48|501|1247.9639721|-297.6596407
filled_prescriptions|bd_04#inc_2016_2021|relative|25-64|11124993.61|5041|277070.5|5041|2206.9021246|54.963400119
filled_prescriptions|bd_04#inc_2016_2021|relative|65+|16172449.18|5809|-642521.43|5809|2784.0332553|-110.6079239
filled_prescriptions|bd_04#prev_2021|father|0-24|898271.86|739|-22556.22|739|1215.5234912|-30.52262517
filled_prescriptions|bd_04#prev_2021|mother|0-24|1014785.1|780|-61460.23|780|1301.0065385|-78.79516667
filled_prescriptions|bd_04#prev_2021|relative|25-64|18981736.12|7769|613240.92|7769|2443.2663303|78.934344188
filled_prescriptions|bd_04#prev_2021|relative|65+|27388481.78|8656|-1105920.77|8656|3164.1037177|-127.7634901
filled_prescriptions|bd_05#inc_2016_2021|father|0-24|871759.57|873|285967.62|873|998.57911798|327.56886598
filled_prescriptions|bd_05#inc_2016_2021|mother|0-24|921392.25|923|49961.89|923|998.25812568|54.129891658
filled_prescriptions|bd_05#inc_2016_2021|relative|25-64|1401074.19|504|57932.13|504|2779.9091071|114.94470238
filled_prescriptions|bd_05#inc_2016_2021|relative|65+|659220.75|244|-335876.63|244|2701.7243852|-1376.543566
filled_prescriptions|bd_05#prev_2021|father|0-24|5643846.17|4061|619268.84|4061|1389.7675868|152.4917114
filled_prescriptions|bd_05#prev_2021|mother|0-24|7242644.13|4249|1820472.01|4249|1704.5526312|428.44716639
filled_prescriptions|bd_05#prev_2021|relative|25-64|9182543.82|3283|1093624.78|3283|2796.997813|333.11750838
filled_prescriptions|bd_05#prev_2021|relative|65+|1133732.59|404|-17084.85|404|2806.2687871|-42.28923267
filled_prescriptions|bd_06#inc_2016_2021|father|0-24|25737.85|27|1454.7|27|953.2537037|53.877777778
filled_prescriptions|bd_06#inc_2016_2021|mother|0-24|37606.9|28|19507.55|28|1343.1035714|696.69821429
filled_prescriptions|bd_06#inc_2016_2021|relative|25-64|7334777.76|2607|470639.13|2607|2813.4935788|180.52901036
filled_prescriptions|bd_06#inc_2016_2021|relative|65+|133066886.9|43038|5846156.25|43038|3091.8464357|135.83708002
filled_prescriptions|bd_06#prev_2021|father|0-24|57225.25|63|-64021|63|908.33730159|-1016.206349
filled_prescriptions|bd_06#prev_2021|mother|0-24|98585.86|59|38545.76|59|1670.9467797|653.3179661
filled_prescriptions|bd_06#prev_2021|relative|25-64|9160903.4|3018|1243950.7|3018|3035.4219351|412.17717031
filled_prescriptions|bd_06#prev_2021|relative|65+|107228512.26|34289|9344107.86|34289|3127.1985844|272.51036367
filled_prescriptions|bd_07#inc_2016_2021|father|0-24|33786083.78|23140|4393316.28|23140|1460.0727649|189.85809334
filled_prescriptions|bd_07#inc_2016_2021|mother|0-24|29288673.88|20475|5304502.87|20475|1430.4602628|259.07217924
filled_prescriptions|bd_07#inc_2016_2021|relative|25-64|144826766.97|79338|13619469.28|79338|1825.440104|171.66388465
filled_prescriptions|bd_07#inc_2016_2021|relative|65+|133749628.72|52179|11926494.22|52179|2563.2846302|228.56885375
filled_prescriptions|bd_07#prev_2021|father|0-24|29612323.76|18831|4225811.25|18831|1572.5306017|224.40716106
filled_prescriptions|bd_07#prev_2021|mother|0-24|24789112.05|16253|4795264.18|16253|1525.2022427|295.03871162
filled_prescriptions|bd_07#prev_2021|relative|25-64|895492044.57|423758.81967|96469943.1|423758.81967|2113.2115793|227.6529446
filled_prescriptions|bd_07#prev_2021|relative|65+|455205275.07|180956.61475|41154843.994|180956.61475|2515.5492419|227.42934294
filled_prescriptions|bd_08#inc_2016_2021|father|0-24|60635623.61|49390|11382941.51|49390|1227.6902938|230.47057117
filled_prescriptions|bd_08#inc_2016_2021|mother|0-24|79739610.07|51687|23309625.39|51687|1542.7401488|450.97655871
filled_prescriptions|bd_08#inc_2016_2021|relative|25-64|47837428.47|21680|6591793.94|21680|2206.5234534|304.04953598
filled_prescriptions|bd_08#inc_2016_2021|relative|65+|2094634.63|750|-79963.6|750|2792.8461733|-106.6181333
filled_prescriptions|bd_08#prev_2021|father|0-24|130030426|83499|26939020.14|83499|1557.2692607|322.62685948
filled_prescriptions|bd_08#prev_2021|mother|0-24|160739609.8|87349|48522017.72|87349|1840.199771|555.49597271
filled_prescriptions|bd_08#prev_2021|relative|25-64|180214563.74|75127.789617|32421562.704|75127.789617|2398.7736716|431.55219752
filled_prescriptions|bd_08#prev_2021|relative|65+|4329125.37|1598|563041.63|1598|2709.0897184|352.34144556
filled_prescriptions|bd_09#inc_2016_2021|father|0-24|13151202.66|6372|3693975.76|6372|2063.905|579.71998745
filled_prescriptions|bd_09#inc_2016_2021|mother|0-24|15767662.28|7294|4504496.45|7294|2161.7305018|617.56189334
filled_prescriptions|bd_09#inc_2016_2021|relative|25-64|20039378.01|7924|3657006.02|7924|2528.9472501|461.51009844
filled_prescriptions|bd_09#inc_2016_2021|relative|65+|2980990.73|917|813295.6|917|3250.8077754|886.90905125
filled_prescriptions|bd_09#prev_2021|father|0-24|12328328.74|5187|4271851.83|5187|2376.774386|823.56888953
filled_prescriptions|bd_09#prev_2021|mother|0-24|14627608.91|5991|5362108.75|5991|2441.5972142|895.02733267
filled_prescriptions|bd_09#prev_2021|relative|25-64|103689550.06|37415|16687652.58|37415|2771.336364|446.01503622
filled_prescriptions|bd_09#prev_2021|relative|65+|9816358.33|3162|2093280.93|3162|3104.4776502|662.01167932
filled_prescriptions|bd_10#inc_2016_2021|father|0-24|6453759.41|4481|736546.49|4481|1440.2498125|164.3710087
filled_prescriptions|bd_10#inc_2016_2021|mother|0-24|6654458.38|4686|-178300.18|4686|1420.0722108|-38.04954759
filled_prescriptions|bd_10#inc_2016_2021|relative|25-64|2102364.03|1183|257238.02|1183|1777.1462637|217.44549451
filled_prescriptions|bd_10#inc_2016_2021|relative|65+|70612.84|23|10635.29|23|3070.1234783|462.40391304
filled_prescriptions|bd_10#prev_2021|father|0-24|8083619.37|5073|201499.89|5073|1593.4593672|39.72006505
filled_prescriptions|bd_10#prev_2021|mother|0-24|8716227.82|5324|687696.66|5324|1637.1577423|129.1691698
filled_prescriptions|bd_10#prev_2021|relative|25-64|18133561.33|10960|-318203.75|10960|1654.5220192|-29.03318887
filled_prescriptions|bd_10#prev_2021|relative|65+|248527.74|97|-43998.36|97|2562.1416495|-453.5913402
filled_prescriptions|bd_11#inc_2016_2021|father|0-24|5518878.38|4919|420670.9|4919|1121.9512868|85.519597479
filled_prescriptions|bd_11#inc_2016_2021|mother|0-24|6701837.51|5113|996360.62|5113|1310.7446724|194.86810483
filled_prescriptions|bd_11#inc_2016_2021|relative|25-64|14531016.35|5988|1547157.53|5988|2426.6894372|258.37634102
filled_prescriptions|bd_11#inc_2016_2021|relative|65+|21577636.3|7260|859006.84|7260|2972.1262121|118.32050138
filled_prescriptions|bd_11#prev_2021|father|0-24|20576859.56|13765|3887696.12|13765|1494.8681119|282.43342681
filled_prescriptions|bd_11#prev_2021|mother|0-24|23013524.75|14300|3383023.92|14300|1609.3373951|236.5750993
filled_prescriptions|bd_11#prev_2021|relative|25-64|78301604.86|31368|10340209.3|31368|2496.2256076|329.64196952
filled_prescriptions|bd_11#prev_2021|relative|65+|46436140.27|14629|2456339.81|14629|3174.2525306|167.90893499
filled_prescriptions|bd_12#inc_2016_2021|father|0-24|35779599.15|24075|4389163.99|24075|1486.1723427|182.31210758
filled_prescriptions|bd_12#inc_2016_2021|mother|0-24|30258865.75|19926|4508231.21|19926|1518.5619668|226.24868062
filled_prescriptions|bd_12#inc_2016_2021|relative|25-64|117597105.4|65662|10581901.9|65662|1790.9461393|161.15716701
filled_prescriptions|bd_12#inc_2016_2021|relative|65+|20265709.71|6650|1200595.6|6650|3047.4751444|180.54069173
filled_prescriptions|bd_12#prev_2021|father|0-24|45528515.5|27689|4794989.99|27689|1644.2816823|173.17310087
filled_prescriptions|bd_12#prev_2021|mother|0-24|37691080.9|22382|6472541.83|22382|1683.990747|289.18514118
filled_prescriptions|bd_12#prev_2021|relative|25-64|604874240.15|279750.95902|52688627.164|279750.95902|2162.188263|188.34118513
filled_prescriptions|bd_12#prev_2021|relative|65+|270068065.03|84346.614754|16621289.609|84346.614754|3201.8838672|197.05935629
filled_prescriptions|bd_13#inc_2016_2021|father|0-24|1758786.48|1147|526346.65|1147|1533.3796687|458.88984307
filled_prescriptions|bd_13#inc_2016_2021|mother|0-24|1869489.62|1241|207443.06|1241|1506.43805|167.1579855
filled_prescriptions|bd_13#inc_2016_2021|relative|25-64|6106271.96|3018|146804.4|3018|2023.284281|48.642942346
filled_prescriptions|bd_13#inc_2016_2021|relative|65+|5405754.06|1855|375282.61|1855|2914.1531321|202.30868464
filled_prescriptions|bd_13#prev_2021|father|0-24|5718324.81|4194|-459783.52|4194|1363.4536981|-109.6288794
filled_prescriptions|bd_13#prev_2021|mother|0-24|6955743.75|4420|957262.4|4420|1573.697681|216.57520362
filled_prescriptions|bd_13#prev_2021|relative|25-64|18094350.29|8683|1035576.78|8683|2083.8823321|119.26486007
filled_prescriptions|bd_13#prev_2021|relative|65+|10637674.98|3445|662818.03|3445|3087.8592104|192.40000871
filled_prescriptions|bd_14#inc_2016_2021|father|0-24|6682414.6|4174|2602433.51|4174|1600.9618112|623.4867058
filled_prescriptions|bd_14#inc_2016_2021|mother|0-24|7857880.03|4411|2466166.31|4411|1781.4282544|559.09460667
filled_prescriptions|bd_14#inc_2016_2021|relative|25-64|5783715.81|1800|1021066.03|1800|3213.17545|567.25890556
filled_prescriptions|bd_14#inc_2016_2021|relative|65+|261000.63|67|104187.28|67|3895.531791|1555.0340299
filled_prescriptions|bd_14#prev_2021|father|0-24|22360427.77|11137|7268112.16|11137|2007.7604175|652.60951423
filled_prescriptions|bd_14#prev_2021|mother|0-24|25584361.14|11984|8532118.37|11984|2134.8765971|711.95914302
filled_prescriptions|bd_14#prev_2021|relative|25-64|40937709.13|13256|8792858.01|13256|3088.2399766|663.31155779
filled_prescriptions|bd_14#prev_2021|relative|65+|838271.76|291|186554.31|291|2880.6589691|641.08010309
filled_prescriptions|bd_15#inc_2016_2021|father|0-24|851107.72|393|198200.67|393|2165.6684987|504.32740458
filled_prescriptions|bd_15#inc_2016_2021|mother|0-24|642684.97|405|-133016.01|405|1586.8764691|-328.4345926
filled_prescriptions|bd_15#inc_2016_2021|relative|25-64|5988631.96|3213|407427.9|3213|1863.8754933|126.80606909
filled_prescriptions|bd_15#inc_2016_2021|relative|65+|1098356.07|331|136536.82|331|3318.296284|412.49794562
filled_prescriptions|bd_15#prev_2021|father|0-24|606960.74|227|248275.74|227|2673.835859|1093.7257269
filled_prescriptions|bd_15#prev_2021|mother|0-24|457073.4|238|134949.51|238|1920.4764706|567.0147479
filled_prescriptions|bd_15#prev_2021|relative|25-64|27123634.56|11548|3093525.14|11548|2348.7733426|267.88406131
filled_prescriptions|bd_15#prev_2021|relative|65+|10371289.01|3380|532946.2|3380|3068.4287012|157.67639053
filled_prescriptions|bd_16#inc_2016_2021|father|0-24|503369.4|384|149789.15|384|1310.8578125|390.07591146
filled_prescriptions|bd_16#inc_2016_2021|mother|0-24|626301.15|406|196827.2|406|1542.61367|484.79605911
filled_prescriptions|bd_16#inc_2016_2021|relative|25-64|3103999.57|1407|158220.42|1407|2206.11199|112.45232409
filled_prescriptions|bd_16#inc_2016_2021|relative|65+|3267541.15|996|9500.81|996|3280.6638052|9.5389658635
filled_prescriptions|bd_16#prev_2021|father|0-24|1031846.83|970|-51551.23|970|1063.7596186|-53.14559794
filled_prescriptions|bd_16#prev_2021|mother|0-24|1620254.02|985|321836.19|985|1644.9279391|326.73724873
filled_prescriptions|bd_16#prev_2021|relative|25-64|9701940.02|4016|769400.12|4016|2415.8217181|191.58369522
filled_prescriptions|bd_16#prev_2021|relative|65+|8059204.56|2378|1306120.98|2378|3389.06836|549.25188394
filled_prescriptions|bd_17#inc_2016_2021|father|0-24|135351.85|109|31968.5|109|1241.7600917|293.28899083
filled_prescriptions|bd_17#inc_2016_2021|mother|0-24|142876.65|114|-23275.6|114|1253.3039474|-204.1719298
filled_prescriptions|bd_17#inc_2016_2021|relative|25-64|1958247.48|862|128357.1|862|2271.7488167|148.90614849
filled_prescriptions|bd_17#inc_2016_2021|relative|65+|3610295.25|1347|-542705.09|1347|2680.2488864|-402.8991017
filled_prescriptions|bd_17#prev_2021|father|0-24|495461.5|314|151520.01|314|1577.9028662|482.54780255
filled_prescriptions|bd_17#prev_2021|mother|0-24|693825.59|324|297013.86|324|2141.4370062|916.70944444
filled_prescriptions|bd_17#prev_2021|relative|25-64|3714249.28|1522|-24792.08|1522|2440.3740342|-16.28914586
filled_prescriptions|bd_17#prev_2021|relative|65+|4921243.18|1591|371619.16|1591|3093.1761031|233.57583909
filled_prescriptions|bd_18#inc_2016_2021|father|0-24|154479.6|101|25226.5|101|1529.5009901|249.76732673
filled_prescriptions|bd_18#inc_2016_2021|mother|0-24|154394.9|103|-6240.62|103|1498.9796117|-60.58854369
filled_prescriptions|bd_18#inc_2016_2021|relative|25-64|6883533.16|2829|422542.54|2829|2433.2036621|149.36109579
filled_prescriptions|bd_18#inc_2016_2021|relative|65+|30961234.42|9639|-130700.69|9639|3212.0795124|-13.55956946
filled_prescriptions|bd_18#prev_2021|father|0-24|210358.3|174|32167.75|174|1208.9557471|184.87212644
filled_prescriptions|bd_18#prev_2021|mother|0-24|334021.9|180|120119.05|180|1855.6772222|667.32805556
filled_prescriptions|bd_18#prev_2021|relative|25-64|13756951.52|4995|2569333.93|4995|2754.1444484|514.38116717
filled_prescriptions|bd_18#prev_2021|relative|65+|47182391.39|14968|718258.79|14968|3152.21749|47.986290086
filled_prescriptions|bd_19#inc_2016_2021|father|0-24|13215185.07|6631|3894162.21|6631|1992.9399894|587.2662057
filled_prescriptions|bd_19#inc_2016_2021|mother|0-24|15185250.6|7010|4540382.47|7010|2166.2269044|647.70078031
filled_prescriptions|bd_19#inc_2016_2021|relative|25-64|19548616.54|8491|3241087.43|8491|2302.2749429|381.70856554
filled_prescriptions|bd_19#inc_2016_2021|relative|65+|516468.1|223|105624.3|223|2316.0004484|473.65156951
filled_prescriptions|bd_19#prev_2021|father|0-24|11784759.18|5350|2871421.23|5350|2202.7587252|536.7142486
filled_prescriptions|bd_19#prev_2021|mother|0-24|13595203.27|5583|4818137.37|5583|2435.1071592|863.00149919
filled_prescriptions|bd_19#prev_2021|relative|25-64|142063733.25|52850|26444748.04|52850|2688.0555014|500.37366206
filled_prescriptions|bd_19#prev_2021|relative|65+|9512161.66|3375|1461625.51|3375|2818.4182696|433.07422519
filled_prescriptions|bd_20#inc_2016_2021|father|0-24|690522.84|408|61638.31|408|1692.4579412|151.07428922
filled_prescriptions|bd_20#inc_2016_2021|mother|0-24|625755.05|422|-148965.4|422|1482.831872|-352.9985782
filled_prescriptions|bd_20#inc_2016_2021|relative|25-64|25221128.37|8690|5657383.55|8690|2902.3162681|651.02227273
filled_prescriptions|bd_20#inc_2016_2021|relative|65+|43263155.19|12418|6413554.38|12418|3483.9068441|516.47240941
filled_prescriptions|bd_20#prev_2021|father|0-24|882475.2|609|171329.42|609|1449.0561576|281.32909688
filled_prescriptions|bd_20#prev_2021|mother|0-24|908763.6|612|47277.4|612|1484.9078431|77.250653595
filled_prescriptions|bd_20#prev_2021|relative|25-64|42853273.7|14953|7505940.92|14953|2865.8646225|501.96889721
filled_prescriptions|bd_20#prev_2021|relative|65+|78430989.18|23350|9119623.21|23350|3358.9288728|390.56202184
filled_prescriptions|bd_21#inc_2016_2021|father|0-24|14994164.59|7945|3979909.69|7945|1887.2453858|500.93262303
filled_prescriptions|bd_21#inc_2016_2021|mother|0-24|17447982.8|8627|5086986.64|8627|2022.4855454|589.65881998
filled_prescriptions|bd_21#inc_2016_2021|relative|25-64|19014284.24|7842|2459056.27|7842|2424.6728182|313.57514282
filled_prescriptions|bd_21#inc_2016_2021|relative|65+|4163726.02|1521|392476.33|1521|2737.4924523|258.03834977
filled_prescriptions|bd_21#prev_2021|father|0-24|15565447.63|6963|4061506.51|6963|2235.4513328|583.29836421
filled_prescriptions|bd_21#prev_2021|mother|0-24|16455305.95|7571|4869529|7571|2173.4653216|643.18174614
filled_prescriptions|bd_21#prev_2021|relative|25-64|109956287.53|40106|11624283.33|40106|2741.6418374|289.83900987
filled_prescriptions|bd_21#prev_2021|relative|65+|14217867.85|5443|131508.76|5443|2612.1381315|24.161080287
filled_prescriptions|bd_22#inc_2016_2021|father|0-24|51124318.24|37378|11293547.5|37378|1367.7649484|302.1442426
filled_prescriptions|bd_22#inc_2016_2021|mother|0-24|61910075.05|37852|19124202.17|37852|1635.5826654|505.23624036
filled_prescriptions|bd_22#inc_2016_2021|relative|25-64|267645906.2|141033|24977409.5|141033|1897.7537612|177.10329852
filled_prescriptions|bd_22#inc_2016_2021|relative|65+|180468731.91|74299|8756074|74299|2428.9523669|117.84915006
filled_prescriptions|bd_22#prev_2021|father|0-24|52924786.76|36998|13016749.77|36998|1430.4769652|351.8230653
filled_prescriptions|bd_22#prev_2021|mother|0-24|64966522.04|36566|22005693.03|36566|1776.6920648|601.80749959
filled_prescriptions|bd_22#prev_2021|relative|25-64|741407295.78|351220.37158|73114720.18|351220.37158|2110.946163|208.17334669
filled_prescriptions|bd_22#prev_2021|relative|65+|558052035.46|236607.61475|25460828.536|236607.61475|2358.5548421|107.60781542
filled_prescriptions|bd_23#inc_2016_2021|father|0-24|42710936.08|26418|10875952.47|26418|1616.7361678|411.68720077
filled_prescriptions|bd_23#inc_2016_2021|mother|0-24|50492887.81|27174|17733821.45|27174|1858.1323254|652.60254103
filled_prescriptions|bd_23#inc_2016_2021|relative|25-64|87698339.35|41477|10066903.24|41477|2114.3848241|242.71049594
filled_prescriptions|bd_23#inc_2016_2021|relative|65+|16158409.49|5226|1140896.33|5226|3091.9268064|218.31158247
filled_prescriptions|bd_23#prev_2021|father|0-24|57377622.06|31811|13650665.53|31811|1803.703815|429.11777467
filled_prescriptions|bd_23#prev_2021|mother|0-24|65916104.13|31871|20192325.91|31871|2068.2157488|633.56424053
filled_prescriptions|bd_23#prev_2021|relative|25-64|361833410.03|146715.21038|57279055.45|146715.21038|2466.2297051|390.40979664
filled_prescriptions|bd_23#prev_2021|relative|65+|59715683.58|21282.614754|7129746.45|21282.614754|2805.8433736|335.00331291
filled_prescriptions|bd_24#inc_2016_2021|father|0-24|663406.93|467|124169.93|467|1420.5715846|265.88850107
filled_prescriptions|bd_24#inc_2016_2021|mother|0-24|762128.07|500|105257.95|500|1524.25614|210.5159
filled_prescriptions|bd_24#inc_2016_2021|relative|25-64|51502093.84|20556.591317|3786765.2466|20556.591317|2505.3810258|184.21172987
filled_prescriptions|bd_24#inc_2016_2021|relative|65+|144080584.87|51180.30137|5814799.9844|51180.30137|2815.1570236|113.61402393
filled_prescriptions|bd_24#prev_2021|father|0-24|1247134.07|937|111897.7|937|1330.9862006|119.42123799
filled_prescriptions|bd_24#prev_2021|mother|0-24|1487514.67|966|220510.77|966|1539.8702588|228.27201863
filled_prescriptions|bd_24#prev_2021|relative|25-64|91700255.4|33649|9894296.4|33649|2725.2000178|294.04429255
filled_prescriptions|bd_24#prev_2021|relative|65+|241578365.92|79216|14108076.02|79216|3049.6158089|178.09629393
filled_prescriptions|bd_25#inc_2016_2021|father|0-24|24535069.54|21823|6233.84|21823|1124.275743|0.2856545846
filled_prescriptions|bd_25#inc_2016_2021|mother|0-24|30357406.13|23152|2182283.88|23152|1311.2217575|94.258978922
filled_prescriptions|bd_25#inc_2016_2021|relative|25-64|44372387.46|21252|2427398.57|21252|2087.9158413|114.21977085
filled_prescriptions|bd_25#inc_2016_2021|relative|65+|59741394.36|19455|4649734.18|19455|3070.7475898|238.99944384
filled_prescriptions|bd_25#prev_2021|father|0-24|69449438.27|52188|4593360.96|52188|1330.7549297|88.015654173
filled_prescriptions|bd_25#prev_2021|mother|0-24|88042721.91|54908|13037822.5|54908|1603.4589115|237.44850477
filled_prescriptions|bd_25#prev_2021|relative|25-64|229304802.59|106935|18735338.92|106935|2144.3381736|175.20305718
filled_prescriptions|bd_25#prev_2021|relative|65+|106799363.97|34694|9580898.47|34694|3078.3237439|276.15433418
primary_sector|bd_00#inc_2016_2021|father|0-24|113858727.77|83170|4675360.7139|83170|1368.9879497|56.214509004
primary_sector|bd_00#inc_2016_2021|mother|0-24|141895462.64|67073|13086272.067|67073|2115.5377371|195.10491655
primary_sector|bd_00#inc_2016_2021|relative|25-64|368419488.24|182623.70829|20601282.167|182623.70829|2017.3694406|112.80727108
primary_sector|bd_00#inc_2016_2021|relative|65+|253192179|108085|6407749.0169|108085|2342.5283712|59.284350436
primary_sector|bd_00#prev_2021|father|0-24|189031709.87|131137|7032456.4783|131137|1441.4826469|53.626790901
primary_sector|bd_00#prev_2021|mother|0-24|218571432.89|100582|21352534.207|100582|2173.0670785|212.28981534
primary_sector|bd_00#prev_2021|relative|25-64|1768886912.8|859597.93716|61479088.52|859597.93716|2057.807303|71.520749251
primary_sector|bd_00#prev_2021|relative|65+|928188524.63|394999.06284|43473819.906|394999.06284|2349.8499413|110.06056468
primary_sector|bd_01#inc_2016_2021|father|0-24|4146277.7902|2264|152377.61836|2264|1831.3947836|67.304601749
primary_sector|bd_01#inc_2016_2021|mother|0-24|7655044.1417|2767|540807.68529|2767|2766.5501054|195.44910925
primary_sector|bd_01#inc_2016_2021|relative|25-64|68775478.849|26666|2542269.0658|26666|2579.1449354|95.337473403
primary_sector|bd_01#inc_2016_2021|relative|65+|30128291.19|10225|1497456.3815|10225|2946.5321457|146.45050186
primary_sector|bd_01#prev_2021|father|0-24|2865623.67|1527|-64758.61638|1527|1876.6363261|-42.40904806
primary_sector|bd_01#prev_2021|mother|0-24|5237236.2751|1807|543615.31088|1807|2898.3045242|300.83857824
primary_sector|bd_01#prev_2021|relative|25-64|248997186.73|89712|5686188.0808|89712|2775.5170627|63.382692179
primary_sector|bd_01#prev_2021|relative|65+|115895906.78|39741|4143668.7123|39741|2916.2805863|104.26684563
primary_sector|bd_02#inc_2016_2021|father|0-24|43624705.048|24599|2758366.1696|24599|1773.4340846|112.13326435
primary_sector|bd_02#inc_2016_2021|mother|0-24|65456436.855|23853|8701156.7003|23853|2744.1595126|364.78248859
primary_sector|bd_02#inc_2016_2021|relative|25-64|124825436.44|51578|11514373.222|51578|2420.1294435|223.24194854
primary_sector|bd_02#inc_2016_2021|relative|65+|56588147.317|19145|2114429.119|19145|2955.7663785|110.44288947
primary_sector|bd_02#prev_2021|father|0-24|43928610.025|23186|3805464.9652|23186|1894.6178739|164.12770487
primary_sector|bd_02#prev_2021|mother|0-24|64097498.977|22222|9226311.4318|22222|2884.4162981|415.18816631
primary_sector|bd_02#prev_2021|relative|25-64|469982696.25|189153|29151393.114|189153|2484.6695334|154.11541511
primary_sector|bd_02#prev_2021|relative|65+|173505730.91|56998|7600370.201|56998|3044.0670007|133.34450684
primary_sector|bd_03#inc_2016_2021|father|0-24|3437834.5761|1713|479881.81331|1713|2006.9086842|280.14116364
primary_sector|bd_03#inc_2016_2021|mother|0-24|5257747.8468|1823|616145.16767|1823|2884.1184019|337.98418413
primary_sector|bd_03#inc_2016_2021|relative|25-64|16139728.21|6253|1631688.2771|6253|2581.1175771|260.94487079
primary_sector|bd_03#inc_2016_2021|relative|65+|3593105.5411|1080|333116.87606|1080|3326.9495751|308.44155191
primary_sector|bd_03#prev_2021|father|0-24|2443528.0037|1140|312524.95686|1140|2143.4456173|274.144699
primary_sector|bd_03#prev_2021|mother|0-24|3530785.1075|1188|447461.08524|1188|2972.0413363|376.65074515
primary_sector|bd_03#prev_2021|relative|25-64|59998517.671|21799|4580655.0315|21799|2752.3518359|210.13142949
primary_sector|bd_03#prev_2021|relative|65+|23365191.045|7726|810034.96646|7726|3024.228714|104.84532312
primary_sector|bd_04#inc_2016_2021|father|0-24|814924.93454|471|114521.45293|471|1730.2015595|243.14533531
primary_sector|bd_04#inc_2016_2021|mother|0-24|1247039.2214|501|59059.24627|501|2489.1002423|117.88272709
primary_sector|bd_04#inc_2016_2021|relative|25-64|13036877.824|5041|736832.06632|5041|2586.1689792|146.167837
primary_sector|bd_04#inc_2016_2021|relative|65+|17984831.653|5809|694459.12995|5809|3096.0288609|119.54882595
primary_sector|bd_04#prev_2021|father|0-24|1223886.9819|739|-17012.52956|739|1656.1393531|-23.02101429
primary_sector|bd_04#prev_2021|mother|0-24|2031216.3625|780|42919.72774|780|2604.1235417|55.025291974
primary_sector|bd_04#prev_2021|relative|25-64|20135465.257|7769|431327.98142|7769|2591.7705312|55.519112038
primary_sector|bd_04#prev_2021|relative|65+|28544795.693|8656|837640.32802|8656|3297.6889664|96.769908505
primary_sector|bd_05#inc_2016_2021|father|0-24|1285653.9643|873|152079.93883|873|1472.6849534|174.20382455
primary_sector|bd_05#inc_2016_2021|mother|0-24|2413674.1092|923|235169.79189|923|2615.0315376|254.78850692
primary_sector|bd_05#inc_2016_2021|relative|25-64|1407484.9569|504|151419.59533|504|2792.6288827|300.43570502
primary_sector|bd_05#inc_2016_2021|relative|65+|732310.35813|244|-47854.85789|244|3001.2719595|-196.1264668
primary_sector|bd_05#prev_2021|father|0-24|6679443.7314|4061|254297.48346|4061|1644.7780673|62.619424639
primary_sector|bd_05#prev_2021|mother|0-24|11439267.689|4249|786056.54644|4249|2692.2258623|184.99801046
primary_sector|bd_05#prev_2021|relative|25-64|9220375.0322|3283|755135.40778|3283|2808.5211795|230.01383118
primary_sector|bd_05#prev_2021|relative|65+|1219322.1334|404|-118566.8927|404|3018.1240925|-293.4824076
primary_sector|bd_06#inc_2016_2021|father|0-24|47478.23931|27|570.74552|27|1758.4533078|21.138722963
primary_sector|bd_06#inc_2016_2021|mother|0-24|84377.06919|28|22780.45418|28|3013.4667568|813.58764929
primary_sector|bd_06#inc_2016_2021|relative|25-64|7501922.119|2607|499118.65292|2607|2877.607257|191.45326157
primary_sector|bd_06#inc_2016_2021|relative|65+|138089177.8|43038|3911465.0072|43038|3208.5407732|90.883986411
primary_sector|bd_06#prev_2021|father|0-24|115513.72954|63|-10388.6993|63|1833.5512625|-164.8999889
primary_sector|bd_06#prev_2021|mother|0-24|178986.86162|59|51779.08692|59|3033.6756207|877.61164271
primary_sector|bd_06#prev_2021|relative|25-64|9053555.5829|3018|976621.59412|3018|2999.8527445|323.59893775
primary_sector|bd_06#prev_2021|relative|65+|111234162.52|34289|7619172.4778|34289|3244.0188549|222.20456933
primary_sector|bd_07#inc_2016_2021|father|0-24|39303607.305|23140|1803930.8783|23140|1698.5137124|77.957254897
primary_sector|bd_07#inc_2016_2021|mother|0-24|51077910.005|20475|5513754.675|20475|2494.6476193|269.29204762
primary_sector|bd_07#inc_2016_2021|relative|25-64|182383450.52|79338|14386683.386|79338|2298.8158325|181.33408186
primary_sector|bd_07#inc_2016_2021|relative|65+|149528080.25|52179|8337062.3321|52179|2865.6754681|159.77811633
primary_sector|bd_07#prev_2021|father|0-24|33428975.085|18831|1090487.9176|18831|1775.209765|57.909187914
primary_sector|bd_07#prev_2021|mother|0-24|42650071.754|16253|4856995.5363|16253|2624.1353445|298.83686312
primary_sector|bd_07#prev_2021|relative|25-64|992222542.75|423758.81967|36371694.665|423758.81967|2341.4793904|85.831121327
primary_sector|bd_07#prev_2021|relative|65+|503126752.84|180956.61475|21508752.892|180956.61475|2780.3722651|118.86137968
primary_sector|bd_08#inc_2016_2021|father|0-24|80286521.598|49390|7011538.4448|49390|1625.5622919|141.96271401
primary_sector|bd_08#inc_2016_2021|mother|0-24|144276513.52|51687|24616684.206|51687|2791.3501175|476.26451924
primary_sector|bd_08#inc_2016_2021|relative|25-64|58401691.487|21680|6542527.9938|21680|2693.8049579|301.77712148
primary_sector|bd_08#inc_2016_2021|relative|65+|2636882.9729|750|546100.44104|750|3515.8439639|728.13392139
primary_sector|bd_08#prev_2021|father|0-24|146844152.06|83499|10252446.792|83499|1758.633661|122.78526439
primary_sector|bd_08#prev_2021|mother|0-24|250986340.72|87349|37029609.988|87349|2873.373945|423.92711981
primary_sector|bd_08#prev_2021|relative|25-64|200257234.07|75127.789617|15862203.809|75127.789617|2665.554718|211.13630375
primary_sector|bd_08#prev_2021|relative|65+|5161913.5157|1598|429907.87988|1598|3230.2337395|269.02871081
primary_sector|bd_09#inc_2016_2021|father|0-24|12121798.616|6372|825929.75038|6372|1902.3538317|129.61860489
primary_sector|bd_09#inc_2016_2021|mother|0-24|20974450.197|7294|2510484.6536|7294|2875.5758427|344.18489904
primary_sector|bd_09#inc_2016_2021|relative|25-64|21892661.424|7924|2331231.1466|7924|2762.8295589|294.19878176
primary_sector|bd_09#inc_2016_2021|relative|65+|2864541.3673|917|301244.33185|917|3123.818285|328.51072176
primary_sector|bd_09#prev_2021|father|0-24|10289871.488|5187|659494.27244|5187|1983.7808922|127.14368083
primary_sector|bd_09#prev_2021|mother|0-24|17736207.567|5991|1761758.9917|5991|2960.4753075|294.06760002
primary_sector|bd_09#prev_2021|relative|25-64|103437271.01|37415|3938921.4074|37415|2764.5936391|105.276531
primary_sector|bd_09#prev_2021|relative|65+|9239807.3618|3162|673324.53872|3162|2922.1402156|212.94261187
primary_sector|bd_10#inc_2016_2021|father|0-24|7534156.4401|4481|41580.49723|4481|1681.3560455|9.2792897188
primary_sector|bd_10#inc_2016_2021|mother|0-24|11943301.329|4686|337635.74041|4686|2548.7198738|72.052014599
primary_sector|bd_10#inc_2016_2021|relative|25-64|2651699.114|1183|207897.33957|1183|2241.5039002|175.73739609
primary_sector|bd_10#inc_2016_2021|relative|65+|54865.02676|23|7009.96757|23|2385.4359461|304.7811987
primary_sector|bd_10#prev_2021|father|0-24|9513402.5576|5073|431312.53354|5073|1875.3011152|85.021197228
primary_sector|bd_10#prev_2021|mother|0-24|14791128.83|5324|1005495.8887|5324|2778.1985029|188.86098585
primary_sector|bd_10#prev_2021|relative|25-64|23346959.236|10960|1725172.8948|10960|2130.1970106|157.40628602
primary_sector|bd_10#prev_2021|relative|65+|242668.54008|97|13049.04492|97|2501.7375266|134.52623629
primary_sector|bd_11#inc_2016_2021|father|0-24|7756014.7402|4919|535637.74807|4919|1576.7462371|108.89159343
primary_sector|bd_11#inc_2016_2021|mother|0-24|13065060.51|5113|1047402.3455|5113|2555.2631547|204.85084011
primary_sector|bd_11#inc_2016_2021|relative|25-64|15675391.852|5988|821534.35648|5988|2617.8009105|137.19678632
primary_sector|bd_11#inc_2016_2021|relative|65+|22788877.728|7260|317862.72561|7260|3138.9638744|43.782744574
primary_sector|bd_11#prev_2021|father|0-24|23675071.104|13765|1432956.383|13765|1719.9470471|104.10144446
primary_sector|bd_11#prev_2021|mother|0-24|39095838.971|14300|3300762.8641|14300|2733.9747532|230.82257791
primary_sector|bd_11#prev_2021|relative|25-64|81711752.152|31368|3445436.6739|31368|2604.9398161|109.83922067
primary_sector|bd_11#prev_2021|relative|65+|48011883.043|14629|1952934.2306|14629|3281.9661661|133.49745236
primary_sector|bd_12#inc_2016_2021|father|0-24|42653731.993|24075|2913817.8709|24075|1771.7022635|121.03085653
primary_sector|bd_12#inc_2016_2021|mother|0-24|51642750.539|19926|5281975.2632|19926|2591.7269165|265.07955752
primary_sector|bd_12#inc_2016_2021|relative|25-64|144929597.6|65662|11265414.9|65662|2207.2065669|171.56673419
primary_sector|bd_12#inc_2016_2021|relative|65+|21353424.535|6650|1507952.2386|6650|3211.0412834|226.75973512
primary_sector|bd_12#prev_2021|father|0-24|51029255.652|27689|3467403.5593|27689|1842.9432501|125.22675284
primary_sector|bd_12#prev_2021|mother|0-24|61328403.592|22382|7277009.6598|22382|2740.0770079|325.12776605
primary_sector|bd_12#prev_2021|relative|25-64|656514974.44|279750.95902|37101152.087|279750.95902|2346.783642|132.62207292
primary_sector|bd_12#prev_2021|relative|65+|265445243.03|84346.614754|14605277.258|84346.614754|3147.0764275|173.15783568
primary_sector|bd_13#inc_2016_2021|father|0-24|2005744.3099|1147|361264.89885|1147|1748.6872798|314.96503823
primary_sector|bd_13#inc_2016_2021|mother|0-24|3428719.1181|1241|367503.96452|1241|2762.8679437|296.13534611
primary_sector|bd_13#inc_2016_2021|relative|25-64|7558171.605|3018|208351.23185|3018|2504.3643489|69.036193456
primary_sector|bd_13#inc_2016_2021|relative|65+|5739072.8302|1855|182988.12613|1855|3093.8398006|98.645890097
primary_sector|bd_13#prev_2021|father|0-24|7109828.2887|4194|331138.54884|4194|1695.2380278|78.955304921
primary_sector|bd_13#prev_2021|mother|0-24|12080295.124|4420|1082769.4947|4420|2733.0984444|244.97047391
primary_sector|bd_13#prev_2021|relative|25-64|21401324.129|8683|526426.23412|8683|2464.7384693|60.627229543
primary_sector|bd_13#prev_2021|relative|65+|11349458.128|3445|203135.20832|3445|3294.4726062|58.965227379
primary_sector|bd_14#inc_2016_2021|father|0-24|6901755.5458|4174|397334.4653|4174|1653.5111514|95.192732463
primary_sector|bd_14#inc_2016_2021|mother|0-24|11961699.299|4411|1407247.6522|4411|2711.7885512|319.03143327
primary_sector|bd_14#inc_2016_2021|relative|25-64|4931085.6175|1800|67997.8396|1800|2739.4920097|37.776577556
primary_sector|bd_14#inc_2016_2021|relative|65+|228113.75548|67|3334.65067|67|3404.6829176|49.770905522
primary_sector|bd_14#prev_2021|father|0-24|20325720.244|11137|1604793.083|11137|1825.0624265|144.09563464
primary_sector|bd_14#prev_2021|mother|0-24|34127788.625|11984|3828572.7869|11984|2847.7794247|319.47369717
primary_sector|bd_14#prev_2021|relative|25-64|37980122.459|13256|2756829.7682|13256|2865.1269205|207.96844962
primary_sector|bd_14#prev_2021|relative|65+|792067.9786|291|-37580.27836|291|2721.883088|-129.14185
primary_sector|bd_15#inc_2016_2021|father|0-24|729264.15662|393|18740.1705|393|1855.6339863|47.684912214
primary_sector|bd_15#inc_2016_2021|mother|0-24|1089189.9239|405|33188.36485|405|2689.3578369|81.946579877
primary_sector|bd_15#inc_2016_2021|relative|25-64|7381837.5673|3213|567606.49078|3213|2297.4906839|176.65934976
primary_sector|bd_15#inc_2016_2021|relative|65+|985402.33061|331|-8927.8903|331|2977.046316|-26.97247825
primary_sector|bd_15#prev_2021|father|0-24|421304.51414|227|-2381.18036|227|1855.9670226|-10.48978132
primary_sector|bd_15#prev_2021|mother|0-24|721835.2956|238|62623.49868|238|3032.9214101|263.12394403
primary_sector|bd_15#prev_2021|relative|25-64|28479292.268|11548|1078713.3228|11548|2466.1666322|93.411267993
primary_sector|bd_15#prev_2021|relative|65+|10256643.098|3380|-223719.5084|3380|3034.5097923|-66.18920367
primary_sector|bd_16#inc_2016_2021|father|0-24|652883.88396|384|65269.5601|384|1700.2184478|169.97281276
primary_sector|bd_16#inc_2016_2021|mother|0-24|1160426.8095|406|231897.0945|406|2858.194112|571.17510961
primary_sector|bd_16#inc_2016_2021|relative|25-64|3615043.8535|1407|356754.98864|1407|2569.3275434|253.55720586
primary_sector|bd_16#inc_2016_2021|relative|65+|3419497.5515|996|243974.29757|996|3433.2304734|244.95411403
primary_sector|bd_16#prev_2021|father|0-24|1688896.8588|970|65660.11052|970|1741.1307823|67.690835588
primary_sector|bd_16#prev_2021|mother|0-24|2719797.8896|985|165746.92504|985|2761.2161316|168.27098989
primary_sector|bd_16#prev_2021|relative|25-64|10445191.094|4016|422383.6589|4016|2600.8941966|105.17521387
primary_sector|bd_16#prev_2021|relative|65+|8030519.7299|2378|573323.79096|2378|3377.0057737|241.09494994
primary_sector|bd_17#inc_2016_2021|father|0-24|191786.75945|109|38680.7632|109|1759.5115546|354.86938716
primary_sector|bd_17#inc_2016_2021|mother|0-24|293484.65306|114|52196.213|114|2574.4267812|457.86151754
primary_sector|bd_17#inc_2016_2021|relative|25-64|2337647.5311|862|146373.65146|862|2711.8880871|169.80702026
primary_sector|bd_17#inc_2016_2021|relative|65+|3941398.4479|1347|-149754.1716|1347|2926.0567542|-111.1760739
primary_sector|bd_17#prev_2021|father|0-24|661642.63118|314|133721.26296|314|2107.1421375|425.86389478
primary_sector|bd_17#prev_2021|mother|0-24|976770.55582|324|273926.22184|324|3014.7239377|845.45130198
primary_sector|bd_17#prev_2021|relative|25-64|4187919.1646|1522|203629.54048|1522|2751.5894642|133.79076247
primary_sector|bd_17#prev_2021|relative|65+|5364077.7144|1591|489374.49394|1591|3371.513334|307.58924823
primary_sector|bd_18#inc_2016_2021|father|0-24|170090.74857|101|-6261.80871|101|1684.0668175|-61.99810604
primary_sector|bd_18#inc_2016_2021|mother|0-24|276769.36479|103|22759.03135|103|2687.0812116|220.96146942
primary_sector|bd_18#inc_2016_2021|relative|25-64|7613904.0409|2829|246440.63571|2829|2691.3764726|87.112278441
primary_sector|bd_18#inc_2016_2021|relative|65+|32745809.626|9639|993772.70945|9639|3397.2206272|103.09915027
primary_sector|bd_18#prev_2021|father|0-24|314313.60068|174|39819.11754|174|1806.4000039|228.8455031
primary_sector|bd_18#prev_2021|mother|0-24|481711.24204|180|-9035.90638|180|2676.1735669|-50.19947989
primary_sector|bd_18#prev_2021|relative|25-64|13614330.296|4995|846517.34192|4995|2725.5916509|169.47294133
primary_sector|bd_18#prev_2021|relative|65+|49666546.297|14968|1720707.354|14968|3318.1818744|114.95906962
primary_sector|bd_19#inc_2016_2021|father|0-24|13024440.884|6631|1373712.7398|6631|1964.174466|207.16524503
primary_sector|bd_19#inc_2016_2021|mother|0-24|20661217.205|7010|3014285.9374|7010|2947.391898|429.99799392
primary_sector|bd_19#inc_2016_2021|relative|25-64|21324046.107|8491|2157062.1816|8491|2511.3704048|254.04100596
primary_sector|bd_19#inc_2016_2021|relative|65+|664775.5089|223|46039.8273|223|2981.0560937|206.45662466
primary_sector|bd_19#prev_2021|father|0-24|10954632.384|5350|783033.17564|5350|2047.5948381|146.36134124
primary_sector|bd_19#prev_2021|mother|0-24|16598525.273|5583|2366988.172|5583|2973.0476935|423.96349131
primary_sector|bd_19#prev_2021|relative|25-64|137876665.44|52850|10930149.701|52850|2608.8299989|206.81456388
primary_sector|bd_19#prev_2021|relative|65+|9671403.4743|3375|688113.67698|3375|2865.6010294|203.88553392
primary_sector|bd_20#inc_2016_2021|father|0-24|702956.32131|408|-3388.96954|408|1722.9321601|-8.306297892
primary_sector|bd_20#inc_2016_2021|mother|0-24|1073460.0252|422|-98625.23484|422|2543.7441355|-233.7090873
primary_sector|bd_20#inc_2016_2021|relative|25-64|23398354.467|8690|1249530.0106|8690|2692.5609283|143.78941434
primary_sector|bd_20#inc_2016_2021|relative|65+|40707745.33|12418|1610995.9133|12418|3278.1241206|129.7307065
primary_sector|bd_20#prev_2021|father|0-24|1041090.011|609|30070.40184|609|1709.5074073|49.376686108
primary_sector|bd_20#prev_2021|mother|0-24|1547538.8261|612|-69993.24086|612|2528.6582125|-114.3680406
primary_sector|bd_20#prev_2021|relative|25-64|41302953.723|14953|2409932.1749|14953|2762.1850948|161.16713535
primary_sector|bd_20#prev_2021|relative|65+|78073326.216|23350|4232769.8773|23350|3343.6114011|181.27494121
primary_sector|bd_21#inc_2016_2021|father|0-24|15074197.199|7945|1392759.0742|7945|1897.318716|175.30007227
primary_sector|bd_21#inc_2016_2021|mother|0-24|25069108.596|8627|3063494.696|8627|2905.889486|355.10544755
primary_sector|bd_21#inc_2016_2021|relative|25-64|20953010.683|7842|1489745.5229|7842|2671.8962871|189.97009983
primary_sector|bd_21#inc_2016_2021|relative|65+|4433275.681|1521|183839.99115|1521|2914.7111644|120.86784428
primary_sector|bd_21#prev_2021|father|0-24|14006361.078|6963|1555123.7351|6963|2011.5411572|223.34105057
primary_sector|bd_21#prev_2021|mother|0-24|23052065.827|7571|3281665.9741|7571|3044.7848141|433.45211651
primary_sector|bd_21#prev_2021|relative|25-64|111766720.46|40106|6063222.2811|40106|2786.7830364|151.17993021
primary_sector|bd_21#prev_2021|relative|65+|14755114.304|5443|232764.24216|5443|2710.8422385|42.763961448
primary_sector|bd_22#inc_2016_2021|father|0-24|61600848.158|37378|5085346.7473|37378|1648.0509433|136.05186867
primary_sector|bd_22#inc_2016_2021|mother|0-24|103677365.32|37852|18022856.058|37852|2739.019479|476.14012622
primary_sector|bd_22#inc_2016_2021|relative|25-64|338861380.46|141033|27846932.836|141033|2402.7098655|197.44976591
primary_sector|bd_22#inc_2016_2021|relative|65+|208353174.31|74299|9823416.3891|74299|2804.2527398|132.21465146
primary_sector|bd_22#prev_2021|father|0-24|62923440.235|36998|5811934.9274|36998|1700.725451|157.0878136
primary_sector|bd_22#prev_2021|mother|0-24|102442858.97|36566|17614805.988|36566|2801.5877857|481.7263575
primary_sector|bd_22#prev_2021|relative|25-64|866141398.49|351220.37158|49340056.511|351220.37158|2466.0910032|140.4817616
primary_sector|bd_22#prev_2021|relative|65+|661505273.04|236607.61475|36455674.903|236607.61475|2795.790295|154.07650739
primary_sector|bd_23#inc_2016_2021|father|0-24|46013007.506|26418|4145244.8526|26418|1741.7294082|156.90986648
primary_sector|bd_23#inc_2016_2021|mother|0-24|76376601.686|27174|12743534.26|27174|2810.649948|468.9605601
primary_sector|bd_23#inc_2016_2021|relative|25-64|105120300.01|41477|11787711.177|41477|2534.4238979|284.19874092
primary_sector|bd_23#inc_2016_2021|relative|65+|16693921.28|5226|1346724.8215|5226|3194.3974894|257.6970573
primary_sector|bd_23#prev_2021|father|0-24|58767030.332|31811|4639968.2702|31811|1847.3807907|145.860497
primary_sector|bd_23#prev_2021|mother|0-24|93476261.713|31871|14768549.546|31871|2932.9566601|463.38519489
primary_sector|bd_23#prev_2021|relative|25-64|375313408|146715.21038|27569170.195|146715.21038|2558.1083722|187.90942073
primary_sector|bd_23#prev_2021|relative|65+|62244260.95|21282.614754|3362647.0713|21282.614754|2924.6528995|157.99971527
primary_sector|bd_24#inc_2016_2021|father|0-24|814119.65511|467|-15002.555|467|1743.296906|-32.12538544
primary_sector|bd_24#inc_2016_2021|mother|0-24|1322719.2175|500|91220.23216|500|2645.438435|182.44046432
primary_sector|bd_24#inc_2016_2021|relative|25-64|54663505.101|20556.591317|2170127.8115|20556.591317|2659.1716622|105.568466
primary_sector|bd_24#inc_2016_2021|relative|65+|151836396.78|51180.30137|626062.61598|51180.30137|2966.6960278|12.232491783
primary_sector|bd_24#prev_2021|father|0-24|1604242.4764|937|84220.73834|937|1712.1050976|89.883392038
primary_sector|bd_24#prev_2021|mother|0-24|2314289.9362|966|-170364.7377|966|2395.7452755|-176.3610122
primary_sector|bd_24#prev_2021|relative|25-64|91176206.998|33649|3223828.008|33649|2709.6260512|95.807542809
primary_sector|bd_24#prev_2021|relative|65+|248391594.53|79216|6164996.2248|79216|3135.6240472|77.825139174
primary_sector|bd_25#inc_2016_2021|father|0-24|34371020.356|21823|1956017.6969|21823|1574.9906226|89.631017593
primary_sector|bd_25#inc_2016_2021|mother|0-24|61134244.335|23152|6069605.1561|23152|2640.5599661|262.16331877
primary_sector|bd_25#inc_2016_2021|relative|25-64|52742367.936|21252|1729501.8846|21252|2481.7602078|81.380664623
primary_sector|bd_25#inc_2016_2021|relative|65+|60948714.547|19455|3043926.9486|19455|3132.8046542|156.45987914
primary_sector|bd_25#prev_2021|father|0-24|88875685.537|52188|3789244.6912|52188|1702.9908319|72.607585867
primary_sector|bd_25#prev_2021|mother|0-24|149300146.5|54908|13739290.404|54908|2719.0964249|250.22383632
primary_sector|bd_25#prev_2021|relative|25-64|265470183.63|106935|7291908.0366|106935|2482.5378373|68.19009713
primary_sector|bd_25#prev_2021|relative|65+|109472692.62|34694|3574861.2194|34694|3155.3782389|103.03975383
lost_production_sickness|bd_00#inc_2016_2021|father|0-24|||2810437017.6|79178||35495.17565
lost_production_sickness|bd_00#inc_2016_2021|mother|0-24|||1350045610.8|66496||20302.65897
lost_production_sickness|bd_00#inc_2016_2021|relative|25-64|||2574712494.6|136165||18908.768733
lost_production_sickness|bd_00#inc_2016_2021|relative|65+|||29285126.991|61210||478.43697094
lost_production_sickness|bd_00#prev_2021|father|0-24|||5005353834.1|123801||40430.641385
lost_production_sickness|bd_00#prev_2021|mother|0-24|||1844641927.7|99692||18503.409779
lost_production_sickness|bd_00#prev_2021|relative|25-64|||12811718684|600982||21317.974056
lost_production_sickness|bd_00#prev_2021|relative|65+|||-275940049.8|230195||-1198.723038
lost_production_sickness|bd_01#inc_2016_2021|father|0-24|||188753205.57|2017||93581.162901
lost_production_sickness|bd_01#inc_2016_2021|mother|0-24|||228749916.03|2708||84471.903999
lost_production_sickness|bd_01#inc_2016_2021|relative|25-64|||822371278.87|18496||44462.114991
lost_production_sickness|bd_01#inc_2016_2021|relative|65+|||57169260.623|5116||11174.601373
lost_production_sickness|bd_01#prev_2021|father|0-24|||191089974.37|1332||143460.94172
lost_production_sickness|bd_01#prev_2021|mother|0-24|||161502242.13|1765||91502.68676
lost_production_sickness|bd_01#prev_2021|relative|25-64|||3853533082.5|57159||67417.78342
lost_production_sickness|bd_01#prev_2021|relative|65+|||199011114.75|21483||9263.6556697
lost_production_sickness|bd_02#inc_2016_2021|father|0-24|||1436299008.5|22598||63558.678133
lost_production_sickness|bd_02#inc_2016_2021|mother|0-24|||804907916.48|23522||34219.365551
lost_production_sickness|bd_02#inc_2016_2021|relative|25-64|||1692018164.4|38911||43484.314573
lost_production_sickness|bd_02#inc_2016_2021|relative|65+|||183064714.74|9484||19302.479412
lost_production_sickness|bd_02#prev_2021|father|0-24|||832934008.72|21002||39659.747106
lost_production_sickness|bd_02#prev_2021|mother|0-24|||737289444.61|21851||33741.679768
lost_production_sickness|bd_02#prev_2021|relative|25-64|||6512363896.9|133157||48907.409275
lost_production_sickness|bd_02#prev_2021|relative|65+|||533031337.59|26298||20268.8926
lost_production_sickness|bd_03#inc_2016_2021|father|0-24|||56394370.443|1522||37052.80581
lost_production_sickness|bd_03#inc_2016_2021|mother|0-24|||13285428.463|1782||7455.3470614
lost_production_sickness|bd_03#inc_2016_2021|relative|25-64|||86254773.933|4634||18613.460063
lost_production_sickness|bd_03#inc_2016_2021|relative|65+|||-7095113.292|462||-15357.38808
lost_production_sickness|bd_03#prev_2021|father|0-24|||20425836.85|994||20549.13164
lost_production_sickness|bd_03#prev_2021|mother|0-24|||-2968319.154|1162||-2554.491527
lost_production_sickness|bd_03#prev_2021|relative|25-64|||694685220.5|13987||49666.491778
lost_production_sickness|bd_03#prev_2021|relative|65+|||-51268104.15|3789||-13530.77439
lost_production_sickness|bd_04#inc_2016_2021|father|0-24|||13985618.83|447||31287.737875
lost_production_sickness|bd_04#inc_2016_2021|mother|0-24|||1951820.8783|497||3927.2049866
lost_production_sickness|bd_04#inc_2016_2021|relative|25-64|||-2975751.477|3532||-842.5117432
lost_production_sickness|bd_04#inc_2016_2021|relative|65+|||-30876962.76|2537||-12170.65934
lost_production_sickness|bd_04#prev_2021|father|0-24|||43111220.764|686||62844.345137
lost_production_sickness|bd_04#prev_2021|mother|0-24|||190711.80254|773||246.71643278
lost_production_sickness|bd_04#prev_2021|relative|25-64|||39633434.022|5325||7442.898408
lost_production_sickness|bd_04#prev_2021|relative|65+|||-48705807.33|3095||-15736.9329
lost_production_sickness|bd_05#inc_2016_2021|father|0-24|||31682275.193|866||36584.613387
lost_production_sickness|bd_05#inc_2016_2021|mother|0-24|||34452230.373|921||37407.416258
lost_production_sickness|bd_05#inc_2016_2021|relative|25-64|||7864794.459|306||25701.942677
lost_production_sickness|bd_05#inc_2016_2021|relative|65+|||-3167362.038|116||-27304.84515
lost_production_sickness|bd_05#prev_2021|father|0-24|||96030527.263|3865||24846.190754
lost_production_sickness|bd_05#prev_2021|mother|0-24|||193762989.45|4197||46167.021552
lost_production_sickness|bd_05#prev_2021|relative|25-64|||78284705.075|2076||37709.395508
lost_production_sickness|bd_05#prev_2021|relative|65+|||29535214.451|195||151462.63821
lost_production_sickness|bd_06#inc_2016_2021|father|0-24|||1417939.7097|24||59080.821238
lost_production_sickness|bd_06#inc_2016_2021|mother|0-24|||1358233.5669|27||50304.946923
lost_production_sickness|bd_06#inc_2016_2021|relative|25-64|||82707948.346|1492||55434.281733
lost_production_sickness|bd_06#inc_2016_2021|relative|65+|||140622264.45|18126||7758.0417331
lost_production_sickness|bd_06#prev_2021|father|0-24|||11000189.285|58||189658.43595
lost_production_sickness|bd_06#prev_2021|mother|0-24|||-2076093.557|57||-36422.69399
lost_production_sickness|bd_06#prev_2021|relative|25-64|||132775926.63|1662||79889.245868
lost_production_sickness|bd_06#prev_2021|relative|65+|||87551120.244|15750||5558.8012853
lost_production_sickness|bd_07#inc_2016_2021|father|0-24|||662081260.52|20871||31722.546142
lost_production_sickness|bd_07#inc_2016_2021|mother|0-24|||326398593.56|20114||16227.433308
lost_production_sickness|bd_07#inc_2016_2021|relative|25-64|||2519972355|59251||42530.461174
lost_production_sickness|bd_07#inc_2016_2021|relative|65+|||92314884.612|26730||3453.605859
lost_production_sickness|bd_07#prev_2021|father|0-24|||531820583.39|16747||31756.170263
lost_production_sickness|bd_07#prev_2021|mother|0-24|||165798695.22|15914||10418.417445
lost_production_sickness|bd_07#prev_2021|relative|25-64|||12968269099|290177||44690.892452
lost_production_sickness|bd_07#prev_2021|relative|65+|||1155408250.1|93451||12363.786905
lost_production_sickness|bd_08#inc_2016_2021|father|0-24|||3308625720.5|47450||69728.676933
lost_production_sickness|bd_08#inc_2016_2021|mother|0-24|||2817413087.5|51349||54867.92513
lost_production_sickness|bd_08#inc_2016_2021|relative|25-64|||410042615.98|16381||25031.598558
lost_production_sickness|bd_08#inc_2016_2021|relative|65+|||-5490341.735|365||-15042.03215
lost_production_sickness|bd_08#prev_2021|father|0-24|||7264414026.3|78490||92552.096143
lost_production_sickness|bd_08#prev_2021|mother|0-24|||6128332829.1|86513||70837.132328
lost_production_sickness|bd_08#prev_2021|relative|25-64|||3177364776.6|57031||55712.941674
lost_production_sickness|bd_08#prev_2021|relative|65+|||6166341.2938|763||8081.7054965
lost_production_sickness|bd_09#inc_2016_2021|father|0-24|||805536883.05|5752||140044.65978
lost_production_sickness|bd_09#inc_2016_2021|mother|0-24|||687971552.73|7166||96004.961307
lost_production_sickness|bd_09#inc_2016_2021|relative|25-64|||469270848.03|5686||82530.926491
lost_production_sickness|bd_09#inc_2016_2021|relative|65+|||-14613641.3|470||-31092.85383
lost_production_sickness|bd_09#prev_2021|father|0-24|||777020262.94|4627||167931.76203
lost_production_sickness|bd_09#prev_2021|mother|0-24|||605724533.61|5873||103137.1588
lost_production_sickness|bd_09#prev_2021|relative|25-64|||2133936495.5|25386||84059.579906
lost_production_sickness|bd_09#prev_2021|relative|65+|||17173463.713|1925||8921.2798507
lost_production_sickness|bd_10#inc_2016_2021|father|0-24|||-389877993|4210||-92607.59929
lost_production_sickness|bd_10#inc_2016_2021|mother|0-24|||-205221530.6|4639||-44238.31227
lost_production_sickness|bd_10#inc_2016_2021|relative|25-64|||-6572744.314|949||-6925.968718
lost_production_sickness|bd_10#inc_2016_2021|relative|65+|||2860410.4999|15||190694.03333
lost_production_sickness|bd_10#prev_2021|father|0-24|||-440667507|4634||-95094.41238
lost_production_sickness|bd_10#prev_2021|mother|0-24|||-190447850.6|5250||-36275.78107
lost_production_sickness|bd_10#prev_2021|relative|25-64|||-142702966.8|8857||-16111.88516
lost_production_sickness|bd_10#prev_2021|relative|65+|||1598968.1288|60||26649.468814
lost_production_sickness|bd_11#inc_2016_2021|father|0-24|||158783307.72|4732||33555.221412
lost_production_sickness|bd_11#inc_2016_2021|mother|0-24|||157124928.77|5079||30936.193891
lost_production_sickness|bd_11#inc_2016_2021|relative|25-64|||185202048.16|4098||45193.27676
lost_production_sickness|bd_11#inc_2016_2021|relative|65+|||-5503942.832|2913||-1889.441412
lost_production_sickness|bd_11#prev_2021|father|0-24|||607332410.89|13000||46717.877761
lost_production_sickness|bd_11#prev_2021|mother|0-24|||348495909.81|14170||24593.924475
lost_production_sickness|bd_11#prev_2021|relative|25-64|||984413787.24|21959||44829.627362
lost_production_sickness|bd_11#prev_2021|relative|65+|||130877318.16|5635||23225.788494
lost_production_sickness|bd_12#inc_2016_2021|father|0-24|||395303553.94|22311||17717.877009
lost_production_sickness|bd_12#inc_2016_2021|mother|0-24|||275654482.48|19622||14048.23578
lost_production_sickness|bd_12#inc_2016_2021|relative|25-64|||632137747.28|52452||12051.737727
lost_production_sickness|bd_12#inc_2016_2021|relative|65+|||58324640.924|2569||22703.246759
lost_production_sickness|bd_12#prev_2021|father|0-24|||606117919.78|25358||23902.433937
lost_production_sickness|bd_12#prev_2021|mother|0-24|||158447099.29|22052||7185.1577766
lost_production_sickness|bd_12#prev_2021|relative|25-64|||1269673933.4|200605||6329.2237653
lost_production_sickness|bd_12#prev_2021|relative|65+|||43096133.21|31305||1376.6533528
lost_production_sickness|bd_13#inc_2016_2021|father|0-24|||4316878.1273|1084||3982.359896
lost_production_sickness|bd_13#inc_2016_2021|mother|0-24|||9430516.6831|1229||7673.32521
lost_production_sickness|bd_13#inc_2016_2021|relative|25-64|||35206302.27|2303||15287.148185
lost_production_sickness|bd_13#inc_2016_2021|relative|65+|||-28461436.01|795||-35800.54843
lost_production_sickness|bd_13#prev_2021|father|0-24|||-11699587.58|3970||-2946.99939
lost_production_sickness|bd_13#prev_2021|mother|0-24|||59471652.48|4379||13581.103558
lost_production_sickness|bd_13#prev_2021|relative|25-64|||-175350811.4|6604||-26552.2125
lost_production_sickness|bd_13#prev_2021|relative|65+|||23444365.236|1213||19327.588818
lost_production_sickness|bd_14#inc_2016_2021|father|0-24|||714355815.99|4019||177744.66683
lost_production_sickness|bd_14#inc_2016_2021|mother|0-24|||671415166.78|4371||153606.76431
lost_production_sickness|bd_14#inc_2016_2021|relative|25-64|||141246665.86|1098||128639.95069
lost_production_sickness|bd_14#inc_2016_2021|relative|65+|||-433187.259|34||-12740.80174
lost_production_sickness|bd_14#prev_2021|father|0-24|||1758285460.8|10356||169784.22757
lost_production_sickness|bd_14#prev_2021|mother|0-24|||1550726045.1|11816||131239.50957
lost_production_sickness|bd_14#prev_2021|relative|25-64|||938780439.18|8507||110353.87789
lost_production_sickness|bd_14#prev_2021|relative|65+|||23134598.333|191||121123.55148
lost_production_sickness|bd_15#inc_2016_2021|father|0-24|||27341680.091|330||82853.576033
lost_production_sickness|bd_15#inc_2016_2021|mother|0-24|||20987536.925|393||53403.401845
lost_production_sickness|bd_15#inc_2016_2021|relative|25-64|||1483241.8268|2558||579.844342
lost_production_sickness|bd_15#inc_2016_2021|relative|65+|||3426255.1341|117||29284.231916
lost_production_sickness|bd_15#prev_2021|father|0-24|||729955.36338|199||3668.1174039
lost_production_sickness|bd_15#prev_2021|mother|0-24|||20720926.668|236||87800.536728
lost_production_sickness|bd_15#prev_2021|relative|25-64|||131439269.63|8068||16291.431535
lost_production_sickness|bd_15#prev_2021|relative|65+|||-62774384.74|1237||-50747.2795
lost_production_sickness|bd_16#inc_2016_2021|father|0-24|||-7704393.161|365||-21107.92647
lost_production_sickness|bd_16#inc_2016_2021|mother|0-24|||21343979.13|403||52962.727369
lost_production_sickness|bd_16#inc_2016_2021|relative|25-64|||-67432233.62|1030||-65468.18798
lost_production_sickness|bd_16#inc_2016_2021|relative|65+|||617449.55937|346||1784.5362988
lost_production_sickness|bd_16#prev_2021|father|0-24|||11915994.783|914||13037.193417
lost_production_sickness|bd_16#prev_2021|mother|0-24|||17283491.996|979||17654.230843
lost_production_sickness|bd_16#prev_2021|relative|25-64|||-41671123.19|2873||-14504.39373
lost_production_sickness|bd_16#prev_2021|relative|65+|||-8998419.892|805||-11178.16136
lost_production_sickness|bd_17#inc_2016_2021|father|0-24|||10526658.206|104||101217.86736
lost_production_sickness|bd_17#inc_2016_2021|mother|0-24|||7891626.0324|113||69837.398517
lost_production_sickness|bd_17#inc_2016_2021|relative|25-64|||17783837.377|602||29541.258102
lost_production_sickness|bd_17#inc_2016_2021|relative|65+|||-9193368.828|542||-16961.93511
lost_production_sickness|bd_17#prev_2021|father|0-24|||21152339.613|296||71460.606799
lost_production_sickness|bd_17#prev_2021|mother|0-24|||2001529.9509|321||6235.2957971
lost_production_sickness|bd_17#prev_2021|relative|25-64|||7145404.7564|1018||7019.0616467
lost_production_sickness|bd_17#prev_2021|relative|65+|||-22047535.43|608||-36262.3938
lost_production_sickness|bd_18#inc_2016_2021|father|0-24|||1169807.8053|95||12313.766372
lost_production_sickness|bd_18#inc_2016_2021|mother|0-24|||-682060.6013|102||-6686.86864
lost_production_sickness|bd_18#inc_2016_2021|relative|25-64|||104458749.44|1909||54719.093471
lost_production_sickness|bd_18#inc_2016_2021|relative|65+|||-27983139.02|2877||-9726.499484
lost_production_sickness|bd_18#prev_2021|father|0-24|||14167633.635|167||84836.129549
lost_production_sickness|bd_18#prev_2021|mother|0-24|||-5971233.466|177||-33735.78229
lost_production_sickness|bd_18#prev_2021|relative|25-64|||134637283.62|3289||40935.628952
lost_production_sickness|bd_18#prev_2021|relative|65+|||110735666.05|5382||20575.188787
lost_production_sickness|bd_19#inc_2016_2021|father|0-24|||719230494.57|5969||120494.30299
lost_production_sickness|bd_19#inc_2016_2021|mother|0-24|||577501362.2|6864||84134.813841
lost_production_sickness|bd_19#inc_2016_2021|relative|25-64|||444257937.59|6442||68962.734801
lost_production_sickness|bd_19#inc_2016_2021|relative|65+|||-2728596.957|127||-21485.01541
lost_production_sickness|bd_19#prev_2021|father|0-24|||670765954.27|4686||143142.54253
lost_production_sickness|bd_19#prev_2021|mother|0-24|||438518145.41|5436||80669.268839
lost_production_sickness|bd_19#prev_2021|relative|25-64|||3003492869.4|36562||82147.936912
lost_production_sickness|bd_19#prev_2021|relative|65+|||109137121.63|2032||53709.213403
lost_production_sickness|bd_20#inc_2016_2021|father|0-24|||43509733.694|379||114801.40816
lost_production_sickness|bd_20#inc_2016_2021|mother|0-24|||1491425.5736|417||3576.5601286
lost_production_sickness|bd_20#inc_2016_2021|relative|25-64|||378307302.77|5899||64130.751444
lost_production_sickness|bd_20#inc_2016_2021|relative|65+|||29593461.789|4314||6859.8659688
lost_production_sickness|bd_20#prev_2021|father|0-24|||7937011.5054|561||14147.970598
lost_production_sickness|bd_20#prev_2021|mother|0-24|||7979114.7024|608||13123.543918
lost_production_sickness|bd_20#prev_2021|relative|25-64|||495011190.31|9912||49940.596278
lost_production_sickness|bd_20#prev_2021|relative|65+|||286953028.64|8648||33181.432544
lost_production_sickness|bd_21#inc_2016_2021|father|0-24|||847225717.47|7247||116907.095
lost_production_sickness|bd_21#inc_2016_2021|mother|0-24|||548555060.57|8465||64802.724225
lost_production_sickness|bd_21#inc_2016_2021|relative|25-64|||444101635.86|5520||80453.194901
lost_production_sickness|bd_21#inc_2016_2021|relative|65+|||83622120.567|905||92400.133223
lost_production_sickness|bd_21#prev_2021|father|0-24|||563686001.62|6211||90756.078188
lost_production_sickness|bd_21#prev_2021|mother|0-24|||529463229.79|7419||71365.848469
lost_production_sickness|bd_21#prev_2021|relative|25-64|||2252907832.6|25426||88606.459238
lost_production_sickness|bd_21#prev_2021|relative|65+|||113899533.57|3437||33139.230017
lost_production_sickness|bd_22#inc_2016_2021|father|0-24|||1718660770.8|34985||49125.6473
lost_production_sickness|bd_22#inc_2016_2021|mother|0-24|||1700811116|37445||45421.581412
lost_production_sickness|bd_22#inc_2016_2021|relative|25-64|||1339116154.6|104652||12795.896444
lost_production_sickness|bd_22#inc_2016_2021|relative|65+|||-364152775.2|37709||-9656.919442
lost_production_sickness|bd_22#prev_2021|father|0-24|||2067929236.7|34605||59758.105382
lost_production_sickness|bd_22#prev_2021|mother|0-24|||1776894118.3|36194||49093.609944
lost_production_sickness|bd_22#prev_2021|relative|25-64|||4997943295.6|243135||20556.247745
lost_production_sickness|bd_22#prev_2021|relative|65+|||-2338326859|126521||-18481.7292
lost_production_sickness|bd_23#inc_2016_2021|father|0-24|||2401982407.6|24766||96987.095519
lost_production_sickness|bd_23#inc_2016_2021|mother|0-24|||2067152989.4|26845||77003.277684
lost_production_sickness|bd_23#inc_2016_2021|relative|25-64|||2188420638.5|31501||69471.46562
lost_production_sickness|bd_23#inc_2016_2021|relative|65+|||61836506.614|2446||25280.66501
lost_production_sickness|bd_23#prev_2021|father|0-24|||2942914759.9|29267||100554.02877
lost_production_sickness|bd_23#prev_2021|mother|0-24|||2432317950.8|31418||77417.97539
lost_production_sickness|bd_23#prev_2021|relative|25-64|||7506645850.3|103973||72198.030742
lost_production_sickness|bd_23#prev_2021|relative|65+|||269364555.67|11291||23856.572108
lost_production_sickness|bd_24#inc_2016_2021|father|0-24|||3280868.8948|433||7577.0644222
lost_production_sickness|bd_24#inc_2016_2021|mother|0-24|||17143509.543|489||35058.301723
lost_production_sickness|bd_24#inc_2016_2021|relative|25-64|||568054915.6|13809||41136.571483
lost_production_sickness|bd_24#inc_2016_2021|relative|65+|||271466356|23205||11698.614781
lost_production_sickness|bd_24#prev_2021|father|0-24|||-26770824.05|891||-30045.81824
lost_production_sickness|bd_24#prev_2021|mother|0-24|||26790766.174|958||27965.309159
lost_production_sickness|bd_24#prev_2021|relative|25-64|||1085448538.9|21821||49743.299522
lost_production_sickness|bd_24#prev_2021|relative|65+|||426461484.74|33196||12846.773248
lost_production_sickness|bd_25#inc_2016_2021|father|0-24|||254491730.72|20868||12195.310078
lost_production_sickness|bd_25#inc_2016_2021|mother|0-24|||288371255.69|22959||12560.27073
lost_production_sickness|bd_25#inc_2016_2021|relative|25-64|||173959858.53|15752||11043.668012
lost_production_sickness|bd_25#inc_2016_2021|relative|65+|||-110680464.5|8828||-12537.43367
lost_production_sickness|bd_25#prev_2021|father|0-24|||140964220.36|49333||2857.4021519
lost_production_sickness|bd_25#prev_2021|mother|0-24|||466831083.7|54418||8578.6152321
lost_production_sickness|bd_25#prev_2021|relative|25-64|||1213829021.4|82309||14747.221099
lost_production_sickness|bd_25#prev_2021|relative|65+|||184873644.08|14763||12522.769362
